id,barrio,metros,habitaciones,antiguedad,distancia_centro_km,tiene_cochera,precio
1,Sur,74.1,1,22.0,24.31,si,41500.0
2,Norte,141.8,3,8.0,9.23,no,285500.0
3,Periferia,67.9,3,32.0,13.96,si,49700.0
4,Sur,100.0,2,33.0,13.05,no,77900.0
5,Centro,89.5,2,44.0,0.19,no,133400.0
6,Periferia,115.8,4,11.0,18.8,no,102200.0
7,Sur,87.6,4,32.0,18.77,si,127300.0
8,Sur,100.5,3,50.0,6.63,no,81600.0
9,Centro,101.7,3,16.0,1.7,no,291600.0
10,Norte,84.3,2,50.0,20.66,si,30000.0
11,Norte,127.0,3,43.0,10.78,si,168100.0
12,Periferia,118.3,3,25.0,24.64,si,94700.0
13,Sur,106.9,2,52.0,10.39,no,30000.0
14,Periferia,94.9,2,58.0,13.45,si,30000.0
15,Norte,137.9,3,14.0,12.91,si,288300.0
16,Norte,101.7,2,58.0,11.97,no,30000.0
17,Sur,99.3,3,0.0,21.45,no,97800.0
18,Centro,113.7,3,7.0,1.15,si,342200.0
19,Periferia,169.4,6,2.0,15.06,si,252500.0
20,Sur,63.1,1,22.0,16.23,si,35900.0
21,Sur,136.9,4,56.0,21.58,no,58700.0
22,Norte,43.7,1,36.0,16.01,no,30000.0
23,Periferia,117.6,3,36.0,24.08,no,76700.0
24,Periferia,165.1,5,5.0,22.06,no,202700.0
25,Sur,127.1,4,30.0,10.02,si,171000.0
26,Centro,116.0,4,22.0,0.87,no,310700.0
27,Norte,90.4,2,28.0,24.04,si,69100.0
28,Centro,111.1,3,15.0,0.95,si,309500.0
29,Centro,101.2,2,,1.38,si,291800.0
30,Sur,82.5,2,57.0,8.48,si,30000.0
31,Sur,99.9,2,33.0,16.94,no,52100.0
32,Periferia,116.9,2,24.0,4.15,si,158800.0
33,Norte,83.1,3,4.0,18.89,si,148100.0
34,Norte,81.8,3,45.0,11.66,si,30000.0
35,Norte,62.4,1,28.0,15.51,no,30000.0
36,Centro,123.7,4,23.0,0.93,no,359600.0
37,Centro,129.1,3,40.0,2.03,no,264300.0
38,Norte,118.1,3,,13.41,no,182000.0
39,Norte,143.8,4,31.0,16.38,no,228100.0
40,Sur,113.1,4,51.0,9.26,no,63300.0
41,Norte,123.7,3,27.0,5.35,si,256900.0
42,Periferia,120.6,4,0.0,12.01,si,155800.0
43,Sur,106.8,3,13.0,23.71,si,128400.0
44,Norte,91.4,2,3.0,7.24,no,163300.0
45,Periferia,187.5,4,30.0,17.54,si,217600.0
46,Periferia,94.2,3,21.0,3.15,si,130100.0
47,Norte,86.7,3,7.0,18.52,no,119600.0
48,Norte,125.2,4,41.0,7.48,si,181200.0
49,Sur,118.8,5,10.0,12.38,si,206500.0
50,Centro,60.8,3,20.0,2.18,si,179000.0
51,Centro,149.3,4,59.0,1.8,no,184300.0
52,Centro,106.7,3,3.0,1.68,si,338800.0
53,Sur,71.1,2,14.0,10.05,si,94600.0
54,Sur,151.6,4,19.0,14.01,si,233900.0
55,Sur,131.9,5,30.0,24.36,no,152500.0
56,Sur,65.7,2,14.0,12.81,si,83700.0
57,Norte,172.2,5,58.0,23.03,si,182900.0
58,Sur,133.1,4,0.0,12.62,no,198200.0
59,Centro,109.6,5,56.0,2.86,no,143600.0
60,Centro,165.7,5,32.0,0.58,si,457800.0
61,Sur,115.6,3,2.0,11.37,si,192300.0
62,Norte,109.0,4,6.0,9.48,si,244700.0
63,Sur,86.9,3,6.0,21.91,no,107200.0
64,Sur,130.4,3,17.0,17.61,si,190700.0
65,Sur,126.7,4,19.0,15.3,no,162300.0
66,Sur,110.5,3,38.0,13.3,no,85600.0
67,Sur,82.4,3,18.0,11.14,no,98700.0
68,Norte,114.5,2,43.0,16.08,si,98000.0
69,Centro,107.6,2,17.0,0.59,no,274800.0
70,Norte,63.3,1,15.0,5.74,no,65000.0
71,Norte,58.5,1,16.0,8.97,no,44300.0
72,Norte,129.8,3,19.0,5.94,si,305100.0
73,Periferia,35.0,2,50.0,17.57,no,30000.0
74,Norte,117.2,3,14.0,2.57,no,288200.0
75,Centro,93.3,3,16.0,1.95,no,252900.0
76,Norte,155.8,3,57.0,22.76,no,94200.0
77,Norte,92.7,2,39.0,24.94,no,30000.0
78,Sur,,4,11.0,13.21,si,212100.0
79,Sur,96.1,3,52.0,13.39,no,47700.0
80,Sur,114.0,3,10.0,19.79,no,161000.0
81,Sur,135.8,4,9.0,2.83,no,250100.0
82,Norte,93.8,4,26.0,11.82,si,144700.0
83,Periferia,144.9,4,41.0,4.3,si,155800.0
84,Centro,,2,11.0,2.07,no,182200.0
85,Centro,120.3,3,45.0,1.07,no,240000.0
86,Centro,142.3,4,9.0,0.2,si,476100.0
87,Sur,133.1,4,46.0,24.66,si,104200.0
88,Norte,177.1,5,5.0,19.16,no,335800.0
89,Centro,83.3,1,27.0,0.97,no,205300.0
90,Sur,61.7,1,38.0,19.35,si,30000.0
91,Centro,75.2,2,15.0,1.98,si,214900.0
92,Sur,133.1,4,36.0,12.67,si,173100.0
93,Norte,127.4,3,41.0,8.73,si,174000.0
94,Norte,113.6,3,39.0,13.96,no,112300.0
95,Norte,70.7,2,23.0,7.95,no,84800.0
96,Sur,136.8,5,46.0,13.19,no,150800.0
97,Norte,67.1,2,43.0,5.36,no,62500.0
98,Centro,150.6,5,19.0,0.39,si,463800.0
99,Centro,210.0,6,44.0,2.65,si,493000.0
100,Periferia,122.8,4,55.0,8.75,si,67700.0
101,Periferia,130.4,4,49.0,13.48,si,95200.0
102,Sur,92.7,3,43.0,5.74,no,68300.0
103,Norte,46.6,2,45.0,24.13,si,30000.0
104,Periferia,88.9,3,48.0,12.28,no,30000.0
105,Sur,71.7,2,17.0,10.1,si,88200.0
106,Sur,59.4,2,43.0,2.67,si,42000.0
107,Norte,170.3,6,11.0,21.39,si,341600.0
108,Norte,,3,21.0,16.39,no,177100.0
109,Centro,,3,56.0,0.12,no,177600.0
110,Periferia,99.2,3,16.0,7.65,no,131300.0
111,Norte,103.9,3,50.0,19.14,si,30000.0
112,Norte,143.8,3,25.0,23.75,no,225200.0
113,Norte,108.9,3,12.0,10.76,no,198000.0
114,Sur,128.6,4,5.0,5.1,si,248300.0
115,Centro,103.1,1,32.0,1.8,si,238000.0
116,Periferia,98.0,3,,2.15,si,129400.0
117,Sur,60.8,2,30.0,19.11,si,30000.0
118,Sur,40.8,1,2.0,24.57,no,30000.0
119,Norte,100.8,4,16.0,24.83,si,150900.0
120,Sur,112.0,2,,20.04,no,140000.0
121,Sur,65.0,1,18.0,5.73,no,66000.0
122,Sur,108.8,1,55.0,24.49,si,30000.0
123,Centro,111.9,3,9.0,0.59,no,290900.0
124,Norte,35.0,1,41.0,9.67,si,30000.0
125,Centro,78.0,2,0.0,0.41,no,254000.0
126,Norte,124.3,4,33.0,3.13,si,252700.0
127,Norte,123.5,4,55.0,20.99,si,60000.0
128,Centro,69.6,2,20.0,0.08,si,217200.0
129,Centro,115.5,3,11.0,0.96,no,280600.0
130,Sur,145.8,5,34.0,19.98,no,149800.0
131,Centro,137.2,4,16.0,2.97,no,376400.0
132,Periferia,106.7,2,53.0,3.52,si,59100.0
133,Sur,93.6,1,50.0,20.23,no,30000.0
134,Norte,88.0,2,39.0,15.73,si,34700.0
135,Sur,126.4,4,38.0,22.91,no,80400.0
136,Centro,116.8,5,36.0,1.82,no,287700.0
137,Periferia,132.0,4,44.0,9.02,no,121500.0
138,Norte,114.6,3,27.0,10.3,si,181400.0
139,Sur,138.7,3,58.0,17.72,no,43600.0
140,Centro,,4,20.0,1.45,no,307600.0
141,Norte,137.5,3,,24.1,si,221900.0
142,Norte,140.5,4,41.0,8.79,no,174900.0
143,Periferia,81.8,3,39.0,13.35,si,46800.0
144,Sur,46.7,2,58.0,2.67,no,30000.0
145,Norte,164.0,5,23.0,7.82,no,339900.0
146,Norte,119.0,4,25.0,10.6,no,217300.0
147,Norte,50.0,2,33.0,15.66,no,30000.0
148,Sur,85.0,2,23.0,12.83,si,99100.0
149,Norte,137.0,5,47.0,10.38,no,168900.0
150,Centro,100.2,3,25.0,2.36,si,260400.0
151,Periferia,92.1,3,47.0,21.06,no,30000.0
152,Periferia,159.0,3,25.0,7.56,no,183000.0
153,Centro,73.3,3,13.0,1.54,no,160800.0
154,Sur,82.1,4,59.0,18.21,si,30000.0
155,Centro,117.4,3,31.0,1.83,si,296500.0
156,Sur,123.7,4,42.0,20.98,no,69700.0
157,Norte,127.4,4,35.0,6.81,si,237900.0
158,Sur,141.9,4,21.0,14.4,si,203800.0
159,Sur,117.0,4,58.0,22.7,si,30000.0
160,Sur,127.1,3,22.0,11.01,no,158400.0
161,Centro,100.9,2,59.0,0.15,si,124700.0
162,Periferia,112.2,4,25.0,24.65,no,79500.0
163,Norte,113.8,4,1.0,4.6,no,240600.0
164,Centro,117.5,3,2.0,1.64,no,345100.0
165,Sur,137.0,3,58.0,21.55,si,53900.0
166,Norte,129.4,3,31.0,5.47,si,244100.0
167,Periferia,111.5,4,23.0,18.43,si,130200.0
168,Periferia,81.7,2,48.0,12.8,no,30000.0
169,Norte,112.4,3,37.0,21.62,no,93800.0
170,Periferia,109.0,4,39.0,22.87,si,78200.0
171,Norte,116.8,3,41.0,22.07,si,90500.0
172,Sur,187.2,6,11.0,3.48,si,363900.0
173,Norte,91.7,2,5.0,19.41,si,131200.0
174,Periferia,124.8,3,43.0,23.2,no,77000.0
175,Centro,147.4,3,1.0,0.72,si,452100.0
176,Centro,113.4,4,43.0,2.13,si,242200.0
177,Norte,191.8,5,,3.04,si,443500.0
178,Periferia,96.8,3,15.0,21.69,si,94000.0
179,Periferia,121.3,3,42.0,3.07,si,115300.0
180,Sur,82.0,2,37.0,9.21,si,70800.0
181,Periferia,97.7,2,46.0,23.29,si,30000.0
182,Periferia,118.7,4,36.0,23.84,si,70000.0
183,Sur,139.6,4,2.0,24.81,no,199200.0
184,Norte,121.2,3,50.0,12.96,no,97300.0
185,Sur,154.1,5,12.0,6.08,si,276100.0
186,Sur,106.7,3,8.0,13.22,no,131200.0
187,Norte,98.4,6,52.0,4.35,si,110400.0
188,Centro,204.6,6,11.0,2.39,no,574900.0
189,Sur,,3,32.0,14.89,no,125000.0
190,Norte,84.8,4,29.0,11.3,si,159200.0
191,Periferia,85.7,1,46.0,3.83,si,50200.0
192,Norte,77.0,2,2.0,11.32,no,121600.0
193,Centro,142.8,6,6.0,0.8,si,444000.0
194,Periferia,97.2,3,24.0,18.18,si,86200.0
195,Centro,114.5,2,28.0,0.43,no,284600.0
196,Centro,107.8,3,47.0,1.94,no,159900.0
197,Sur,135.6,5,36.0,11.02,no,160400.0
198,Periferia,80.4,3,8.0,4.33,no,117300.0
199,Centro,72.4,1,58.0,0.24,no,33400.0
200,Norte,117.9,3,27.0,17.0,no,163300.0
201,Sur,131.0,3,57.0,4.18,no,110400.0
202,Periferia,121.6,4,59.0,20.13,no,30000.0
203,Sur,81.7,3,3.0,10.47,no,129600.0
204,Centro,133.7,5,30.0,2.64,no,318800.0
205,Centro,84.0,3,25.0,1.43,no,204200.0
206,Norte,,2,29.0,2.31,no,159600.0
207,Centro,77.0,1,18.0,1.36,no,192600.0
208,Sur,155.5,5,33.0,21.41,si,208800.0
209,Centro,132.2,3,29.0,2.36,no,308200.0
210,Sur,131.2,4,11.0,9.88,si,233000.0
211,Sur,,5,17.0,16.78,si,229700.0
212,Sur,208.4,5,8.0,7.22,si,385800.0
213,Centro,50.2,1,50.0,0.84,no,30000.0
214,Periferia,84.2,2,40.0,7.84,no,55900.0
215,Sur,88.4,3,23.0,15.14,si,107200.0
216,Sur,,3,23.0,5.95,si,134500.0
217,Centro,72.3,3,4.0,0.52,si,241200.0
218,Centro,99.5,3,17.0,2.61,si,280600.0
219,Periferia,67.4,1,55.0,9.75,si,30000.0
220,Norte,121.7,3,1.0,19.86,no,177600.0
221,Norte,111.8,3,8.0,4.2,si,269700.0
222,Norte,126.8,4,50.0,19.03,si,94400.0
223,Sur,127.8,4,31.0,8.5,si,178700.0
224,Periferia,131.1,2,1.0,5.12,no,177200.0
225,Norte,96.9,2,29.0,17.6,no,86100.0
226,Periferia,184.2,6,44.0,12.81,si,204000.0
227,Centro,118.2,3,20.0,1.05,si,339800.0
228,Sur,,1,22.0,13.97,no,30000.0
229,Sur,74.9,4,37.0,3.37,si,110900.0
230,Centro,49.1,1,35.0,0.83,no,55200.0
231,Centro,110.6,3,54.0,1.28,no,172900.0
232,Norte,105.7,3,14.0,16.35,no,162700.0
233,Periferia,93.6,2,16.0,3.09,no,106500.0
234,Sur,180.4,5,9.0,10.7,si,296000.0
235,Periferia,,5,39.0,16.1,si,140800.0
236,Periferia,135.4,5,32.0,17.1,si,140700.0
237,Norte,77.4,3,,21.05,si,76600.0
238,Sur,75.0,3,41.0,11.68,si,59100.0
239,Centro,111.3,2,22.0,1.46,no,267100.0
240,Centro,116.1,4,11.0,0.4,no,361300.0
241,Periferia,45.0,1,32.0,9.18,si,30000.0
242,Sur,103.7,3,26.0,3.24,no,160400.0
243,Norte,110.5,2,24.0,2.1,si,276100.0
244,Sur,102.5,1,26.0,21.23,si,65200.0
245,Sur,81.5,3,54.0,6.61,si,30000.0
246,Periferia,91.1,2,12.0,16.5,no,77200.0
247,Sur,103.8,1,16.0,15.27,no,143700.0
248,Norte,113.2,4,33.0,11.19,no,191900.0
249,Norte,131.2,5,2.0,21.17,si,274700.0
250,Norte,147.8,5,8.0,18.06,si,286700.0
251,Sur,99.7,3,33.0,2.52,no,127300.0
252,Periferia,94.0,3,30.0,19.86,si,60100.0
253,Norte,125.3,4,39.0,13.66,si,167900.0
254,Norte,131.4,5,6.0,9.98,si,318000.0
255,Norte,94.8,2,51.0,18.72,si,30000.0
256,Sur,137.7,4,29.0,17.78,no,159800.0
257,Periferia,144.3,4,9.0,9.14,si,217100.0
258,Centro,155.2,5,18.0,2.13,no,398700.0
259,Centro,172.2,5,13.0,0.42,no,504800.0
260,Sur,79.7,2,27.0,15.93,si,55400.0
261,Centro,110.5,4,28.0,1.97,si,290700.0
262,Periferia,110.4,4,26.0,8.42,no,117100.0
263,Norte,106.6,3,27.0,12.28,no,144700.0
264,Centro,87.3,4,54.0,2.69,no,77200.0
265,Periferia,58.0,1,57.0,13.79,si,30000.0
266,Centro,113.2,5,29.0,0.55,no,305400.0
267,Norte,83.1,3,57.0,8.04,no,30000.0
268,Centro,113.0,6,49.0,0.51,si,237800.0
269,Centro,82.2,1,49.0,2.35,no,69400.0
270,Centro,71.5,1,13.0,2.74,no,160100.0
271,Centro,118.2,4,26.0,2.78,no,280900.0
272,Centro,115.3,4,21.0,0.89,si,331800.0
273,Centro,130.3,5,5.0,2.52,si,394300.0
274,Sur,186.5,5,4.0,18.04,si,330000.0
275,Sur,119.7,4,37.0,24.28,no,92300.0
276,Norte,127.0,5,25.0,15.19,si,217100.0
277,Norte,72.3,3,49.0,7.0,si,51900.0
278,Sur,65.0,1,40.0,24.97,no,30000.0
279,Periferia,165.4,6,5.0,6.02,si,265900.0
280,Periferia,77.7,3,50.0,9.72,no,30000.0
281,Centro,73.5,3,29.0,1.05,si,216600.0
282,Centro,108.6,3,33.0,1.07,no,238800.0
283,Norte,106.8,3,57.0,11.63,si,68600.0
284,Norte,,2,38.0,13.3,no,30000.0
285,Sur,99.3,3,1.0,23.34,no,103500.0
286,Norte,153.0,4,10.0,13.0,si,337300.0
287,Centro,81.8,2,25.0,2.37,si,204800.0
288,Norte,61.2,1,2.0,22.39,si,91300.0
289,Sur,143.0,3,10.0,20.81,no,180600.0
290,Centro,127.2,4,47.0,0.1,si,291900.0
291,Periferia,88.3,3,8.0,2.3,si,176300.0
292,Centro,54.6,2,10.0,0.78,si,163800.0
293,Periferia,83.9,3,30.0,21.43,no,30000.0
294,Centro,108.1,3,5.0,0.65,no,306800.0
295,Periferia,150.8,5,15.0,6.86,si,236400.0
296,Periferia,73.7,2,56.0,19.05,no,30000.0
297,Periferia,107.0,3,37.0,17.4,no,76000.0
298,Periferia,133.6,4,57.0,15.0,no,61800.0
299,Sur,35.0,1,21.0,21.86,no,30000.0
300,Sur,146.2,4,36.0,20.04,si,183600.0
301,Sur,,3,14.0,17.36,no,67900.0
302,Centro,121.6,2,22.0,1.61,no,318100.0
303,Sur,118.6,4,,17.23,no,168300.0
304,Sur,148.0,5,49.0,14.08,si,143700.0
305,Periferia,129.3,3,11.0,12.67,si,148800.0
306,Norte,35.0,1,12.0,18.32,no,30000.0
307,Norte,82.5,3,27.0,16.04,si,107300.0
308,Sur,114.8,3,25.0,13.27,no,138500.0
309,Norte,103.2,4,18.0,4.91,si,203800.0
310,Centro,126.7,3,21.0,1.77,no,320200.0
311,Norte,137.6,4,17.0,16.86,si,258900.0
312,Norte,131.3,3,54.0,9.87,si,134400.0
313,Norte,102.5,3,34.0,10.2,si,177200.0
314,Norte,45.4,2,55.0,7.67,no,30000.0
315,Norte,94.1,3,59.0,24.12,no,30000.0
316,Norte,124.6,3,39.0,21.78,no,91900.0
317,Norte,71.8,1,,14.9,no,30000.0
318,Sur,132.1,4,6.0,11.24,no,190900.0
319,Norte,141.8,6,56.0,18.95,no,126200.0
320,Periferia,114.4,4,28.0,14.14,no,132800.0
321,Periferia,35.0,1,42.0,24.44,no,30000.0
322,Norte,65.3,2,14.0,3.27,no,138300.0
323,Norte,176.0,5,5.0,2.79,si,455800.0
324,Sur,90.9,2,53.0,15.08,no,30000.0
325,Periferia,40.6,1,26.0,6.68,si,30000.0
326,Sur,153.2,6,8.0,15.9,si,244200.0
327,Periferia,110.5,1,39.0,19.97,no,30000.0
328,Sur,148.7,5,3.0,5.18,no,273600.0
329,Sur,119.7,3,27.0,12.13,si,166000.0
330,Norte,126.0,3,42.0,17.84,si,102600.0
331,Sur,122.7,5,43.0,21.18,no,89900.0
332,Norte,134.4,3,27.0,13.42,si,243100.0
333,Sur,189.7,5,22.0,6.74,si,327800.0
334,Periferia,144.0,4,50.0,15.47,no,95000.0
335,Centro,54.7,2,11.0,0.4,no,164200.0
336,Sur,125.6,3,4.0,19.75,no,145100.0
337,Centro,150.0,3,,1.3,no,411300.0
338,Sur,152.1,4,48.0,8.43,si,173300.0
339,Centro,95.1,4,28.0,1.07,si,277300.0
340,Periferia,150.8,4,,13.91,no,201000.0
341,Centro,,4,10.0,2.75,no,387100.0
342,Periferia,200.0,6,1.0,14.95,si,301600.0
343,Periferia,83.7,2,48.0,23.81,si,30000.0
344,Sur,92.2,4,27.0,18.23,si,81500.0
345,Sur,99.3,3,4.0,8.87,si,172300.0
346,Sur,92.8,2,13.0,18.35,si,112300.0
347,Periferia,78.8,3,36.0,8.5,si,73800.0
348,Norte,35.0,1,35.0,14.48,no,30000.0
349,Sur,94.8,2,49.0,14.11,si,62100.0
350,Centro,,4,1.0,1.42,no,368000.0
351,Sur,92.7,3,4.0,10.0,no,129200.0
352,Centro,177.7,5,2.0,0.72,no,507400.0
353,Sur,110.5,5,23.0,7.76,no,184000.0
354,Sur,155.2,5,43.0,20.42,si,151500.0
355,Norte,119.1,2,39.0,17.35,si,165800.0
356,Sur,138.9,4,12.0,14.25,no,192500.0
357,Sur,119.8,3,39.0,5.16,si,181000.0
358,Sur,157.9,5,39.0,6.71,si,226600.0
359,Norte,112.0,3,11.0,6.12,si,271500.0
360,Sur,127.4,4,44.0,15.5,no,94700.0
361,Periferia,122.8,3,25.0,24.39,si,114100.0
362,Centro,99.9,3,3.0,1.45,no,297300.0
363,Centro,124.2,3,23.0,1.72,si,346600.0
364,Centro,188.2,5,46.0,0.12,no,453500.0
365,Sur,100.5,5,41.0,5.62,si,122300.0
366,Norte,124.7,3,16.0,24.44,no,178200.0
367,Sur,154.0,4,45.0,7.42,no,193700.0
368,Sur,149.9,3,23.0,6.63,si,229400.0
369,Norte,110.4,3,,16.28,si,176600.0
370,Periferia,35.0,1,5.0,14.79,no,30000.0
371,Sur,128.1,3,59.0,7.19,no,67600.0
372,Norte,35.0,2,50.0,17.42,si,30000.0
373,Norte,161.4,5,11.0,4.23,si,376600.0
374,Norte,115.9,4,33.0,2.45,si,238800.0
375,Centro,145.0,3,46.0,1.38,si,300400.0
376,Centro,,4,30.0,1.16,si,215200.0
377,Periferia,,1,12.0,24.43,si,44400.0
378,Norte,119.1,5,58.0,14.59,si,92700.0
379,Norte,,4,16.0,19.36,no,172500.0
380,Sur,92.8,3,20.0,9.39,no,108900.0
381,Sur,113.0,3,22.0,18.54,no,111200.0
382,Periferia,206.9,6,53.0,24.22,no,196600.0
383,Sur,139.2,4,30.0,10.23,no,169400.0
384,Norte,146.7,4,43.0,24.98,si,173700.0
385,Norte,139.5,4,54.0,16.68,no,112100.0
386,Periferia,161.8,3,55.0,19.22,si,94100.0
387,Sur,103.3,4,51.0,7.8,no,48300.0
388,Periferia,38.1,1,54.0,16.79,no,30000.0
389,Centro,103.4,3,,0.06,no,128400.0
390,Periferia,138.4,4,59.0,24.0,si,36500.0
391,Sur,76.1,2,38.0,22.81,no,30000.0
392,Centro,103.8,2,,2.84,si,288600.0
393,Sur,85.8,1,6.0,23.78,si,74500.0
394,Sur,162.6,5,,22.35,si,163000.0
395,Centro,136.2,4,18.0,0.32,si,427200.0
396,Norte,132.8,4,48.0,3.89,no,179200.0
397,Periferia,131.8,3,56.0,5.7,si,103200.0
398,Norte,108.7,3,38.0,3.77,si,168400.0
399,Norte,116.9,2,45.0,4.48,no,156800.0
400,Norte,68.5,1,16.0,24.47,no,33200.0
401,Norte,35.0,1,26.0,6.88,si,30000.0
402,Periferia,115.3,4,57.0,17.89,no,30000.0
403,Sur,121.3,3,,16.64,no,46800.0
404,Centro,152.3,4,12.0,0.56,no,414000.0
405,Periferia,,6,56.0,6.75,no,128400.0
406,Periferia,164.9,5,29.0,15.32,no,194500.0
407,Norte,75.1,2,50.0,16.39,si,30000.0
408,Periferia,97.7,2,31.0,15.12,no,42900.0
409,Centro,126.8,3,36.0,2.54,si,273600.0
410,Periferia,198.6,4,9.0,18.63,no,239300.0
411,Sur,161.8,5,20.0,3.68,si,291300.0
412,Sur,149.2,5,43.0,15.6,si,168600.0
413,Centro,96.4,3,50.0,1.64,no,137900.0
414,Periferia,79.1,2,5.0,7.76,no,110600.0
415,Centro,137.6,5,4.0,2.09,si,452100.0
416,Norte,71.5,1,41.0,6.05,si,33900.0
417,Centro,101.7,2,26.0,1.54,si,247400.0
418,Sur,106.0,2,,22.34,no,30000.0
419,Centro,165.8,6,4.0,2.02,si,500500.0
420,Periferia,97.6,3,20.0,9.02,si,134700.0
421,Sur,35.0,1,2.0,5.16,no,42300.0
422,Centro,127.7,2,42.0,0.18,si,312100.0
423,Centro,85.5,2,51.0,1.06,si,124500.0
424,Centro,111.5,3,9.0,1.39,no,327400.0
425,Sur,107.0,2,19.0,13.75,si,133600.0
426,Periferia,100.4,4,50.0,3.97,no,65600.0
427,Norte,137.7,4,2.0,15.2,no,254200.0
428,Periferia,56.3,2,57.0,13.71,si,30000.0
429,Centro,91.9,2,53.0,2.31,no,93900.0
430,Periferia,133.9,4,9.0,20.76,no,159600.0
431,Periferia,88.5,2,8.0,8.03,no,97900.0
432,Sur,53.7,1,41.0,14.45,no,30000.0
433,Sur,133.4,4,0.0,16.7,si,197800.0
434,Periferia,149.3,3,30.0,24.13,si,115200.0
435,Centro,108.4,4,3.0,0.14,no,362300.0
436,Norte,41.4,1,31.0,23.1,si,30000.0
437,Centro,134.7,5,21.0,2.88,si,377300.0
438,Sur,51.9,1,42.0,21.72,no,30000.0
439,Sur,,3,52.0,7.42,si,104500.0
440,Sur,78.9,1,29.0,18.27,no,48000.0
441,Periferia,,2,38.0,4.04,no,53400.0
442,Centro,94.5,3,36.0,2.84,no,185200.0
443,Sur,103.6,3,59.0,23.94,si,30000.0
444,Centro,87.5,2,13.0,1.95,si,253800.0
445,Norte,130.6,3,14.0,14.05,no,204700.0
446,Sur,94.4,3,22.0,15.75,si,139000.0
447,Periferia,144.3,4,44.0,8.33,no,110900.0
448,Sur,119.8,3,51.0,17.51,no,47000.0
449,Centro,85.6,4,16.0,0.16,si,277400.0
450,Sur,79.7,2,6.0,14.08,si,94300.0
451,Centro,52.3,3,36.0,0.02,no,121000.0
452,Periferia,120.2,3,35.0,23.14,si,84300.0
453,Sur,97.6,3,22.0,4.65,no,162700.0
454,Centro,35.0,1,11.0,0.89,no,99900.0
455,Centro,,1,50.0,0.66,si,117900.0
456,Centro,78.5,3,50.0,2.05,no,69400.0
457,Periferia,165.1,5,44.0,2.47,si,224800.0
458,Norte,50.4,2,34.0,10.36,si,41500.0
459,Sur,59.6,1,15.0,16.71,no,30000.0
460,Sur,148.8,4,24.0,14.0,no,191600.0
461,Sur,157.5,4,4.0,17.51,no,236500.0
462,Centro,83.9,3,14.0,2.74,no,222900.0
463,Periferia,87.9,3,27.0,5.22,no,81100.0
464,Norte,131.6,4,26.0,3.32,si,302300.0
465,Sur,35.0,2,4.0,16.38,si,30000.0
466,Sur,44.9,2,,17.02,si,30000.0
467,Sur,100.2,3,16.0,14.8,si,145400.0
468,Periferia,164.2,4,30.0,7.65,no,180500.0
469,Centro,94.7,2,27.0,1.9,no,202200.0
470,Sur,113.5,2,28.0,3.74,si,165500.0
471,Norte,149.7,5,50.0,16.54,no,163700.0
472,Norte,183.7,5,44.0,4.77,no,315800.0
473,Centro,,1,52.0,2.85,no,37800.0
474,Centro,109.4,3,22.0,0.23,si,308600.0
475,Norte,173.8,4,,18.52,no,322800.0
476,Norte,56.7,2,25.0,3.2,no,93900.0
477,Norte,146.0,3,33.0,14.77,si,234200.0
478,Sur,74.4,3,20.0,5.33,si,126100.0
479,Sur,113.6,4,27.0,17.69,si,131900.0
480,Norte,,4,9.0,4.76,no,227800.0
481,Norte,76.5,3,35.0,3.69,no,146400.0
482,Norte,,2,42.0,18.4,no,30000.0
483,Sur,119.7,4,31.0,3.46,no,174500.0
484,Norte,144.8,3,52.0,7.16,si,172200.0
485,Centro,105.5,2,59.0,2.37,si,46600.0
486,Norte,112.5,3,54.0,20.62,no,40200.0
487,Norte,130.0,2,5.0,21.64,no,210300.0
488,Norte,76.0,2,52.0,9.5,no,30000.0
489,Sur,135.9,3,20.0,14.15,si,173100.0
490,Sur,138.7,4,27.0,19.79,si,161300.0
491,Sur,201.1,5,24.0,5.15,si,355400.0
492,Sur,96.8,3,17.0,18.66,si,118300.0
493,Sur,94.0,3,52.0,4.24,si,78300.0
494,Norte,136.9,5,38.0,23.0,no,168300.0
495,Sur,138.7,4,58.0,16.66,no,78500.0
496,Sur,91.3,2,57.0,13.35,si,30000.0
497,Norte,95.9,3,25.0,13.15,si,165900.0
498,Sur,128.9,3,43.0,6.17,si,121300.0
499,Norte,81.0,3,30.0,9.96,no,81000.0
500,Sur,95.6,3,29.0,18.72,no,73400.0
501,Sur,113.1,5,44.0,14.44,si,124900.0
502,Periferia,144.9,4,41.0,14.17,no,153100.0
503,Periferia,88.8,2,54.0,6.49,si,30000.0
504,Sur,45.5,1,46.0,17.88,si,30000.0
505,Sur,42.9,1,37.0,11.02,no,30000.0
506,Sur,65.9,2,55.0,6.2,si,30000.0
507,Norte,64.0,2,6.0,23.71,si,59900.0
508,Periferia,104.6,4,45.0,13.66,no,101500.0
509,Norte,68.4,1,23.0,14.14,si,62700.0
510,Centro,85.4,3,25.0,0.97,si,273900.0
511,Centro,82.9,3,46.0,2.69,si,134500.0
512,Periferia,94.6,3,16.0,23.69,si,72000.0
513,Centro,156.3,4,53.0,2.23,no,265700.0
514,Norte,133.2,6,29.0,16.56,si,253600.0
515,Norte,110.6,3,20.0,7.39,no,199200.0
516,Centro,93.9,3,19.0,1.21,no,264600.0
517,Norte,94.8,2,25.0,12.07,si,157300.0
518,Sur,121.5,5,56.0,2.23,si,135300.0
519,Centro,130.4,4,6.0,2.05,si,390400.0
520,Periferia,78.2,2,,15.69,si,34900.0
521,Periferia,111.3,4,50.0,18.66,si,51300.0
522,Norte,38.9,1,28.0,5.86,no,30000.0
523,Centro,117.4,3,33.0,2.23,si,250900.0
524,Sur,136.7,5,20.0,23.84,no,173200.0
525,Centro,100.2,3,8.0,0.41,no,300300.0
526,Norte,173.6,5,38.0,20.05,no,236900.0
527,Periferia,,2,55.0,18.12,si,30000.0
528,Periferia,117.6,4,31.0,7.17,si,139500.0
529,Sur,108.7,3,25.0,10.3,no,164100.0
530,Norte,106.5,3,7.0,23.83,si,173600.0
531,Sur,106.0,3,56.0,17.21,no,30000.0
532,Sur,113.7,5,52.0,20.15,no,45100.0
533,Norte,139.7,3,54.0,24.28,no,44400.0
534,Sur,158.2,5,21.0,7.32,si,281100.0
535,Centro,109.9,3,37.0,1.73,si,239000.0
536,Norte,138.5,5,25.0,16.83,no,227800.0
537,Sur,85.4,2,14.0,2.56,no,125000.0
538,Centro,136.8,3,12.0,1.49,no,372200.0
539,Centro,83.3,2,23.0,2.85,no,198600.0
540,Periferia,148.2,4,33.0,16.04,no,159100.0
541,Periferia,187.4,4,7.0,8.79,no,279300.0
542,Sur,105.7,3,42.0,18.65,no,84900.0
543,Periferia,35.0,1,27.0,5.36,si,30000.0
544,Periferia,90.8,3,52.0,22.58,si,30000.0
545,Centro,153.1,4,16.0,2.11,no,383400.0
546,Norte,129.4,3,3.0,21.86,no,217100.0
547,Norte,118.7,4,18.0,13.45,si,217600.0
548,Centro,145.3,3,58.0,0.19,no,216500.0
549,Sur,127.0,4,,13.52,si,187700.0
550,Norte,152.6,4,42.0,6.6,si,264900.0
551,Norte,142.2,5,50.0,12.53,no,137800.0
552,Centro,163.3,5,17.0,2.46,si,448300.0
553,Centro,122.6,3,38.0,0.67,no,269300.0
554,Periferia,141.7,3,,5.75,no,209100.0
555,Centro,,3,21.0,0.12,no,286000.0
556,Norte,88.9,2,17.0,21.71,si,103600.0
557,Norte,169.7,5,40.0,20.85,no,205000.0
558,Norte,117.6,4,52.0,11.79,si,123400.0
559,Sur,138.2,3,15.0,3.11,no,223300.0
560,Norte,114.3,3,17.0,23.42,si,158900.0
561,Centro,89.5,3,49.0,1.65,no,84800.0
562,Norte,110.4,4,27.0,10.3,no,159800.0
563,Periferia,160.3,4,30.0,19.47,si,160200.0
564,Sur,129.4,3,42.0,8.07,si,145300.0
565,Sur,50.1,1,8.0,21.2,si,30000.0
566,Sur,102.5,2,52.0,3.75,no,63700.0
567,Sur,172.4,5,21.0,19.04,no,238100.0
568,Centro,102.5,3,39.0,2.31,no,222700.0
569,Norte,47.0,1,25.0,24.9,no,30000.0
570,Sur,176.3,6,45.0,23.25,no,184500.0
571,Norte,133.9,3,36.0,22.03,no,153000.0
572,Periferia,107.5,3,10.0,8.41,si,132500.0
573,Norte,,3,11.0,24.23,no,125400.0
574,Sur,147.9,4,52.0,23.34,no,101100.0
575,Periferia,91.0,4,31.0,14.29,no,73600.0
576,Sur,150.2,5,16.0,11.25,si,271000.0
577,Periferia,129.0,4,8.0,4.51,si,168400.0
578,Sur,118.6,5,,15.58,si,178600.0
579,Periferia,115.1,2,55.0,18.11,no,36500.0
580,Norte,103.9,3,58.0,11.29,no,30000.0
581,Norte,146.6,4,23.0,11.34,si,295100.0
582,Sur,79.7,2,12.0,15.19,si,116200.0
583,Centro,53.2,2,25.0,2.01,no,79900.0
584,Norte,,3,8.0,24.03,no,214800.0
585,Periferia,132.1,4,32.0,8.67,no,160200.0
586,Sur,126.8,4,37.0,5.24,no,154900.0
587,Centro,124.3,4,59.0,2.5,no,175800.0
588,Norte,98.8,1,19.0,21.71,si,126000.0
589,Centro,137.6,3,11.0,2.02,si,359200.0
590,Centro,108.4,4,8.0,1.12,no,326500.0
591,Periferia,93.0,3,,5.5,no,100400.0
592,Norte,99.1,1,36.0,12.3,si,125900.0
593,Norte,180.7,6,3.0,6.27,no,421400.0
594,Sur,49.3,2,45.0,18.92,si,30000.0
595,Centro,127.5,3,27.0,0.67,si,372200.0
596,Norte,51.2,2,47.0,14.64,si,30000.0
597,Sur,106.2,2,27.0,10.8,no,104400.0
598,Sur,94.8,2,9.0,12.69,no,115100.0
599,Periferia,37.0,1,1.0,11.77,no,30000.0
600,Sur,123.6,5,33.0,5.52,no,171900.0
601,Norte,96.7,4,32.0,7.07,no,147000.0
602,Sur,36.5,1,48.0,3.49,si,30000.0
603,Periferia,139.4,4,52.0,4.65,no,96700.0
604,Sur,,5,9.0,24.49,si,205000.0
605,Periferia,162.2,4,18.0,8.44,no,215100.0
606,Sur,122.6,4,12.0,9.06,si,177400.0
607,Periferia,111.6,3,6.0,4.92,si,153800.0
608,Centro,156.5,5,,0.54,no,444500.0
609,Sur,168.9,5,4.0,23.26,si,234100.0
610,Norte,149.7,5,31.0,20.16,no,235200.0
611,Sur,77.0,2,9.0,16.09,no,73500.0
612,Sur,117.0,1,11.0,20.7,no,119500.0
613,Periferia,125.4,4,7.0,11.3,si,153500.0
614,Periferia,46.7,2,43.0,21.77,si,30000.0
615,Norte,126.4,4,38.0,20.37,si,168200.0
616,Sur,189.6,5,57.0,2.04,no,222700.0
617,Sur,132.4,5,6.0,13.22,no,218500.0
618,Norte,161.6,5,12.0,8.09,si,379500.0
619,Centro,116.4,4,27.0,2.49,no,279600.0
620,Centro,107.4,4,38.0,2.31,no,191000.0
621,Sur,123.3,4,7.0,2.18,no,219200.0
622,Norte,81.4,2,12.0,18.79,si,114500.0
623,Periferia,76.3,1,25.0,24.73,no,30000.0
624,Norte,154.3,4,1.0,13.09,no,287400.0
625,Periferia,158.0,5,23.0,10.54,si,213500.0
626,Norte,75.3,2,45.0,15.93,si,51600.0
627,Sur,143.9,5,31.0,20.51,si,177100.0
628,Centro,107.0,3,26.0,0.35,no,283600.0
629,Sur,121.9,5,29.0,7.77,no,155000.0
630,Periferia,126.1,3,56.0,15.97,no,56600.0
631,Periferia,144.8,5,31.0,23.62,si,161900.0
632,Periferia,112.9,4,32.0,8.86,no,128300.0
633,Centro,159.4,6,55.0,1.31,si,337800.0
634,Norte,120.8,2,9.0,24.85,no,159500.0
635,Centro,131.8,3,5.0,0.72,si,397900.0
636,Centro,80.8,3,26.0,2.47,no,209000.0
637,Sur,185.6,7,19.0,15.56,no,302700.0
638,Sur,126.4,4,12.0,2.56,no,195900.0
639,Sur,135.0,4,7.0,6.15,no,234800.0
640,Periferia,53.7,2,52.0,16.31,si,30000.0
641,Sur,81.2,3,36.0,17.17,no,53400.0
642,Periferia,153.3,4,41.0,13.74,no,144100.0
643,Centro,120.0,4,7.0,1.37,si,345900.0
644,Norte,,2,20.0,15.25,no,30000.0
645,Sur,146.3,6,37.0,16.8,si,193000.0
646,Periferia,91.0,3,31.0,20.48,si,70300.0
647,Centro,159.4,5,41.0,1.75,no,365200.0
648,Sur,106.9,3,40.0,17.29,si,109900.0
649,Sur,117.2,4,24.0,22.57,si,147500.0
650,Centro,,4,46.0,0.86,si,335200.0
651,Norte,78.6,2,15.0,5.06,no,162100.0
652,Periferia,,1,4.0,24.0,no,74000.0
653,Sur,103.1,4,54.0,22.51,si,36300.0
654,Norte,139.0,3,1.0,9.38,no,278500.0
655,Periferia,63.4,1,17.0,2.46,no,83200.0
656,Norte,51.6,2,6.0,15.89,no,49600.0
657,Periferia,138.8,6,13.0,12.08,no,186400.0
658,Norte,88.9,2,23.0,19.24,no,122700.0
659,Sur,96.3,2,7.0,14.07,si,122000.0
660,Norte,45.0,1,28.0,3.76,si,79100.0
661,Norte,86.2,4,55.0,7.63,no,30000.0
662,Periferia,109.7,1,8.0,22.3,si,82400.0
663,Centro,142.6,3,55.0,2.83,no,192600.0
664,Centro,83.0,5,24.0,0.76,si,259100.0
665,Norte,168.0,5,35.0,8.71,si,328700.0
666,Sur,86.0,2,26.0,12.41,no,80500.0
667,Periferia,86.1,2,18.0,14.21,si,71500.0
668,Periferia,163.8,5,6.0,7.75,no,254600.0
669,Norte,117.4,4,35.0,17.0,no,161100.0
670,Norte,90.7,4,54.0,17.95,si,40100.0
671,Centro,104.6,3,31.0,2.07,si,259400.0
672,Sur,157.4,4,35.0,10.6,si,216900.0
673,Periferia,161.3,5,38.0,19.12,no,162200.0
674,Sur,81.4,2,23.0,18.6,si,67000.0
675,Sur,108.5,2,7.0,14.53,no,138400.0
676,Norte,113.2,2,30.0,19.89,si,140100.0
677,Periferia,75.5,1,52.0,4.48,si,30000.0
678,Norte,108.1,2,18.0,4.72,si,229000.0
679,Centro,,2,52.0,2.62,si,139500.0
680,Norte,149.9,5,51.0,17.95,si,168700.0
681,Centro,152.3,3,14.0,2.12,no,405300.0
682,Norte,98.5,1,34.0,6.16,si,162900.0
683,Centro,102.5,2,44.0,0.88,no,159000.0
684,Norte,133.3,3,29.0,17.2,no,183300.0
685,Sur,89.5,2,41.0,7.15,no,52000.0
686,Norte,130.6,5,54.0,13.89,no,95400.0
687,Norte,106.9,3,37.0,16.68,si,116900.0
688,Periferia,76.1,3,50.0,6.93,no,30000.0
689,Sur,76.5,2,48.0,10.64,si,30000.0
690,Sur,160.6,5,48.0,6.98,no,189700.0
691,Norte,104.5,2,51.0,22.77,si,30000.0
692,Periferia,167.4,5,,7.45,no,253600.0
693,Norte,92.0,2,1.0,4.78,no,201700.0
694,Norte,120.2,4,9.0,2.81,no,266900.0
695,Periferia,193.7,5,14.0,3.03,si,321100.0
696,Sur,73.0,1,41.0,6.41,no,35300.0
697,Sur,43.6,2,30.0,15.99,no,30000.0
698,Sur,155.0,5,28.0,2.41,no,266700.0
699,Sur,81.1,2,0.0,8.6,si,127200.0
700,Norte,109.3,3,41.0,3.34,si,188000.0
701,Norte,89.5,2,21.0,11.28,si,149100.0
702,Norte,119.4,3,,3.12,no,160100.0
703,Centro,76.7,2,6.0,2.41,si,194100.0
704,Periferia,103.7,2,17.0,17.83,no,99000.0
705,Norte,125.7,3,3.0,18.82,no,203700.0
706,Sur,74.7,1,17.0,7.16,no,98100.0
707,Sur,85.5,2,55.0,21.98,no,30000.0
708,Sur,97.8,3,29.0,17.88,no,79600.0
709,Norte,,1,26.0,3.3,no,98300.0
710,Norte,95.2,5,16.0,12.14,si,198900.0
711,Periferia,114.2,4,15.0,19.66,no,120200.0
712,Sur,96.0,4,40.0,9.15,no,84100.0
713,Periferia,100.5,4,59.0,10.78,no,35200.0
714,Periferia,,5,44.0,16.48,no,56100.0
715,Sur,87.0,2,44.0,3.28,no,63500.0
716,Centro,134.2,2,28.0,1.66,no,292600.0
717,Sur,160.3,4,5.0,6.01,no,283700.0
718,Centro,93.7,3,43.0,1.66,no,146000.0
719,Sur,127.0,4,,2.12,si,155100.0
720,Periferia,101.6,3,30.0,11.19,si,96400.0
721,Sur,122.8,5,5.0,22.34,no,166600.0
722,Norte,164.8,5,42.0,20.85,no,199300.0
723,Centro,127.8,4,55.0,1.73,si,172600.0
724,Periferia,47.9,1,13.0,14.28,no,30000.0
725,Centro,125.9,3,9.0,0.76,no,327100.0
726,Centro,153.2,6,44.0,2.96,no,336700.0
727,Norte,102.2,3,19.0,3.07,si,258100.0
728,Centro,144.8,4,42.0,2.37,no,292200.0
729,Norte,85.8,2,42.0,13.41,si,80500.0
730,Sur,58.0,1,,12.47,si,57000.0
731,Norte,114.9,3,2.0,13.85,si,248300.0
732,Centro,48.5,1,33.0,2.9,si,64100.0
733,Centro,101.6,2,24.0,2.06,si,224000.0
734,Norte,155.0,4,51.0,18.33,no,149900.0
735,Centro,43.2,1,21.0,2.08,si,131200.0
736,Sur,65.2,3,14.0,21.54,si,70200.0
737,Norte,73.9,2,51.0,2.2,no,30000.0
738,Norte,107.8,3,44.0,5.92,no,130100.0
739,Norte,97.2,2,37.0,12.83,no,102600.0
740,Norte,159.0,4,57.0,21.56,no,114700.0
741,Centro,143.4,4,46.0,0.98,si,351900.0
742,Centro,127.3,4,51.0,2.63,no,188400.0
743,Periferia,115.1,3,47.0,6.88,no,94300.0
744,Centro,123.8,4,24.0,0.21,no,360900.0
745,Sur,,2,3.0,16.71,no,72300.0
746,Norte,140.0,5,36.0,6.83,no,237800.0
747,Norte,71.1,2,45.0,14.72,no,30000.0
748,Norte,139.2,3,59.0,21.2,no,53600.0
749,Sur,151.5,5,40.0,10.97,no,187800.0
750,Periferia,117.4,4,34.0,10.7,si,101700.0
751,Norte,103.8,3,34.0,2.83,si,209000.0
752,Norte,124.0,4,6.0,7.84,si,283700.0
753,Norte,35.0,1,0.0,18.06,si,30000.0
754,Norte,120.6,3,2.0,10.29,si,257000.0
755,Sur,106.0,3,54.0,5.64,no,50400.0
756,Norte,108.2,3,47.0,4.43,si,133200.0
757,Norte,134.7,3,15.0,4.19,si,300700.0
758,Periferia,107.4,4,25.0,17.16,si,106600.0
759,Centro,70.1,1,29.0,0.73,no,178500.0
760,Norte,105.1,3,14.0,13.93,no,185700.0
761,Sur,112.4,5,25.0,13.51,no,132700.0
762,Centro,114.0,4,20.0,1.84,no,335200.0
763,Centro,115.7,3,41.0,0.12,no,246700.0
764,Centro,146.4,4,45.0,0.38,no,314500.0
765,Periferia,72.0,2,5.0,23.29,no,57000.0
766,Centro,116.1,1,27.0,2.24,si,243600.0
767,Centro,155.1,4,59.0,1.39,no,225400.0
768,Centro,49.3,1,52.0,0.05,si,30000.0
769,Centro,116.3,3,47.0,0.55,no,212400.0
770,Sur,89.5,3,44.0,5.82,si,88900.0
771,Norte,97.0,4,0.0,23.27,si,162900.0
772,Sur,78.3,2,58.0,3.01,si,30000.0
773,Sur,104.1,2,44.0,20.88,no,51500.0
774,Periferia,174.4,5,53.0,17.1,no,133200.0
775,Centro,65.7,2,54.0,0.25,si,57500.0
776,Periferia,69.1,2,15.0,6.66,no,77000.0
777,Sur,64.4,2,0.0,10.23,si,120600.0
778,Centro,170.5,7,39.0,1.94,no,419300.0
779,Sur,93.8,1,27.0,21.83,si,64800.0
780,Periferia,,3,1.0,6.03,si,133300.0
781,Norte,95.9,3,16.0,10.13,no,143100.0
782,Periferia,76.9,2,59.0,7.46,no,30000.0
783,Norte,101.8,4,21.0,4.82,no,205000.0
784,Sur,196.0,6,15.0,16.87,no,296400.0
785,Periferia,158.7,4,39.0,9.96,no,166700.0
786,Norte,80.1,2,39.0,7.18,si,80900.0
787,Periferia,132.7,4,19.0,21.92,si,134700.0
788,Norte,80.9,2,50.0,19.21,no,30000.0
789,Sur,47.8,1,34.0,19.8,si,30000.0
790,Sur,145.7,4,9.0,2.9,no,245800.0
791,Norte,150.6,5,19.0,23.05,si,277200.0
792,Norte,146.6,5,50.0,15.22,no,130700.0
793,Norte,93.6,2,5.0,13.59,si,145300.0
794,Centro,104.2,2,0.0,0.31,no,297700.0
795,Centro,136.2,2,39.0,0.45,no,309400.0
796,Norte,123.7,4,26.0,14.51,si,205000.0
797,Centro,96.2,3,15.0,1.97,si,268000.0
798,Centro,53.3,2,28.0,1.75,si,127300.0
799,Sur,114.0,2,11.0,20.32,si,144100.0
800,Sur,147.8,6,22.0,17.94,si,213400.0
801,Sur,68.1,1,14.0,23.18,no,60600.0
802,Norte,132.4,4,35.0,7.19,si,235700.0
803,Periferia,121.6,4,40.0,6.65,si,131900.0
804,Sur,136.3,3,54.0,18.39,no,59300.0
805,Centro,140.5,4,4.0,1.99,si,425000.0
806,Centro,85.7,3,19.0,2.86,si,253800.0
807,Sur,53.4,4,15.0,18.3,no,65800.0
808,Centro,91.3,3,34.0,1.86,no,176700.0
809,Sur,141.1,5,31.0,20.12,no,180900.0
810,Periferia,91.0,4,52.0,9.33,si,48600.0
811,Centro,85.7,3,55.0,1.09,no,85600.0
812,Centro,46.3,1,46.0,2.95,no,30000.0
813,Periferia,171.3,6,11.0,16.58,no,220100.0
814,Sur,138.9,3,2.0,22.47,no,191500.0
815,Centro,136.9,5,53.0,2.62,si,259000.0
816,Periferia,143.9,4,56.0,9.52,no,110600.0
817,Periferia,130.2,2,15.0,9.03,no,156800.0
818,Sur,101.4,3,2.0,14.98,no,131300.0
819,Sur,104.3,4,40.0,11.5,no,55300.0
820,Norte,95.0,3,35.0,4.48,no,119000.0
821,Centro,202.2,6,53.0,1.28,si,434800.0
822,Sur,129.5,3,34.0,6.71,no,146600.0
823,Norte,,2,45.0,14.28,no,53200.0
824,Sur,126.3,4,47.0,15.68,no,72700.0
825,Periferia,74.6,2,0.0,2.94,no,98900.0
826,Centro,162.7,4,8.0,2.54,si,459400.0
827,Sur,86.9,3,46.0,24.35,si,32900.0
828,Norte,127.5,3,10.0,17.28,si,225300.0
829,Periferia,147.3,4,12.0,2.77,no,226400.0
830,Norte,123.5,4,45.0,20.27,no,108700.0
831,Sur,113.3,2,12.0,13.7,no,156900.0
832,Sur,110.4,2,8.0,3.73,no,194200.0
833,Norte,108.0,3,0.0,17.66,no,174500.0
834,Sur,89.8,4,28.0,13.49,si,84800.0
835,Sur,94.3,3,38.0,6.71,no,87800.0
836,Sur,161.8,3,43.0,22.19,no,142300.0
837,Sur,106.2,1,54.0,8.7,no,32000.0
838,Periferia,82.5,3,39.0,8.54,no,39400.0
839,Norte,91.9,3,45.0,8.27,no,90200.0
840,Sur,148.5,5,12.0,19.65,si,227800.0
841,Centro,133.6,3,20.0,1.87,no,328600.0
842,Sur,129.6,4,18.0,22.77,no,149200.0
843,Sur,101.0,4,3.0,7.27,no,195500.0
844,Norte,130.1,3,58.0,20.09,si,71800.0
845,Centro,87.5,2,14.0,1.54,si,268700.0
846,Periferia,100.9,3,26.0,9.1,si,101300.0
847,Norte,143.9,5,21.0,2.82,no,313500.0
848,Sur,140.6,4,2.0,20.84,si,198400.0
849,Centro,75.6,3,54.0,1.24,si,76500.0
850,Periferia,80.1,2,13.0,16.53,no,61800.0
851,Centro,113.8,2,6.0,2.71,si,309200.0
852,Centro,170.4,6,20.0,1.97,no,466600.0
853,Periferia,43.0,1,8.0,24.87,si,30000.0
854,Periferia,119.7,3,59.0,20.73,si,30000.0
855,Norte,61.8,2,11.0,13.19,no,90500.0
856,Norte,87.8,3,18.0,17.65,no,91400.0
857,Sur,97.2,2,16.0,12.96,no,118700.0
858,Periferia,95.3,3,1.0,19.13,no,113500.0
859,Norte,91.3,3,0.0,5.09,si,212400.0
860,Sur,110.3,3,30.0,12.27,no,112200.0
861,Sur,91.3,1,13.0,9.72,si,139800.0
862,Sur,58.8,3,5.0,12.57,no,51800.0
863,Sur,137.3,4,17.0,12.36,si,214700.0
864,Sur,136.4,4,16.0,5.29,no,210400.0
865,Centro,139.5,3,25.0,2.13,si,337000.0
866,Periferia,56.1,1,59.0,2.36,si,30000.0
867,Periferia,120.5,3,18.0,2.23,si,166300.0
868,Sur,133.7,5,42.0,10.59,no,146800.0
869,Centro,73.9,2,46.0,2.55,si,106200.0
870,Norte,110.3,4,3.0,6.13,no,267300.0
871,Sur,105.9,3,30.0,14.26,si,124100.0
872,Centro,174.5,5,26.0,1.91,no,469700.0
873,Periferia,177.4,5,30.0,4.16,si,256200.0
874,Norte,51.7,3,10.0,24.64,no,30000.0
875,Sur,197.3,4,27.0,9.74,si,279900.0
876,Periferia,78.0,1,7.0,16.78,si,96100.0
877,Norte,144.3,3,56.0,4.55,si,156400.0
878,Norte,144.0,3,,18.32,si,229400.0
879,Sur,75.2,1,2.0,21.33,no,63200.0
880,Sur,127.3,2,30.0,4.42,si,174200.0
881,Norte,106.2,2,55.0,4.89,no,66100.0
882,Sur,129.4,2,44.0,8.46,no,148100.0
883,Periferia,118.1,3,16.0,2.27,si,206900.0
884,Norte,151.9,5,53.0,24.68,no,116500.0
885,Centro,112.6,4,11.0,2.92,si,319800.0
886,Norte,104.1,3,14.0,15.97,si,184400.0
887,Norte,148.4,3,9.0,24.06,si,257100.0
888,Centro,130.3,2,55.0,2.83,si,194000.0
889,Centro,135.6,3,43.0,2.84,si,284200.0
890,Sur,86.7,2,31.0,9.81,no,52200.0
891,Norte,73.4,3,40.0,9.7,no,54700.0
892,Periferia,90.1,3,15.0,8.71,no,101800.0
893,Norte,88.3,3,4.0,9.97,si,182400.0
894,Centro,137.5,3,50.0,0.28,no,256900.0
895,Sur,144.2,4,57.0,5.22,si,152700.0
896,Periferia,104.6,3,2.0,10.19,si,156200.0
897,Norte,160.1,4,3.0,12.28,no,307500.0
898,Norte,157.9,6,33.0,9.11,si,312600.0
899,Centro,118.5,2,2.0,1.44,si,338800.0
900,Sur,81.2,2,43.0,10.59,no,30000.0
901,Norte,165.1,6,56.0,13.06,no,183800.0
902,Norte,107.9,2,16.0,18.58,no,175700.0
903,Centro,,3,17.0,2.69,si,289300.0
904,Norte,98.1,2,51.0,6.66,si,75300.0
905,Periferia,78.9,2,21.0,2.84,no,97400.0
906,Sur,58.6,1,14.0,8.99,si,75900.0
907,Norte,132.2,4,5.0,5.61,si,295900.0
908,Centro,82.6,3,50.0,1.64,si,89900.0
909,Norte,217.1,7,55.0,24.52,no,256000.0
910,Norte,72.0,1,4.0,6.16,no,144200.0
911,Sur,66.0,2,48.0,9.33,no,30000.0
912,Periferia,127.9,3,9.0,18.68,no,130000.0
913,Periferia,163.5,4,8.0,13.71,si,252200.0
914,Periferia,,5,22.0,3.01,no,152600.0
915,Periferia,130.0,4,26.0,5.72,si,182000.0
916,Periferia,,1,51.0,23.51,si,30000.0
917,Centro,,3,41.0,0.72,si,200300.0
918,Centro,72.4,1,8.0,2.29,no,156700.0
919,Norte,43.7,1,35.0,20.22,no,30000.0
920,Sur,114.1,2,52.0,8.11,no,64800.0
921,Centro,35.0,1,39.0,1.88,si,50200.0
922,Periferia,63.7,3,13.0,5.91,si,80600.0
923,Sur,91.2,3,7.0,8.55,si,143800.0
924,Sur,80.9,3,27.0,9.17,si,110000.0
925,Centro,123.9,3,28.0,1.24,si,336400.0
926,Norte,120.7,3,21.0,6.94,no,235200.0
927,Centro,141.3,4,6.0,1.46,no,389100.0
928,Periferia,136.3,3,7.0,23.29,no,133100.0
929,Sur,149.9,4,31.0,5.72,no,221700.0
930,Sur,109.9,3,56.0,22.22,si,36800.0
931,Norte,120.6,3,35.0,16.96,no,137900.0
932,Norte,127.9,4,26.0,15.27,si,222600.0
933,Norte,115.0,5,,19.28,no,33600.0
934,Sur,96.1,3,41.0,18.7,no,73700.0
935,Sur,98.4,4,43.0,4.54,si,118900.0
936,Norte,81.4,3,34.0,24.99,si,71000.0
937,Periferia,124.8,2,45.0,23.66,no,51000.0
938,Centro,106.7,2,30.0,1.29,no,240000.0
939,Periferia,86.8,2,37.0,16.31,no,30000.0
940,Centro,86.8,2,,0.25,no,152800.0
941,Norte,67.6,2,45.0,14.33,no,30000.0
942,Periferia,144.3,5,53.0,2.34,si,149300.0
943,Centro,112.8,4,17.0,1.23,no,319800.0
944,Norte,79.8,3,41.0,16.35,no,30000.0
945,Norte,,4,1.0,17.15,si,260400.0
946,Norte,90.4,1,31.0,9.64,si,134300.0
947,Sur,60.8,2,53.0,12.84,no,30000.0
948,Periferia,145.7,4,38.0,16.64,no,118800.0
949,Periferia,91.2,3,16.0,11.85,si,119300.0
950,Norte,95.7,4,36.0,24.13,no,73800.0
951,Sur,111.4,4,21.0,18.23,no,129700.0
952,Norte,150.0,5,25.0,2.03,no,362700.0
953,Norte,110.7,2,13.0,2.54,si,250700.0
954,Centro,68.0,2,37.0,2.73,si,136400.0
955,Periferia,129.0,4,11.0,11.49,si,181200.0
956,Periferia,93.0,2,26.0,21.31,no,55200.0
957,Sur,176.1,5,56.0,5.98,no,202700.0
958,Sur,110.0,3,45.0,2.32,si,139200.0
959,Norte,35.0,1,24.0,10.93,no,30000.0
960,Sur,122.5,4,58.0,18.93,si,67100.0
961,Sur,178.1,5,0.0,24.35,no,275300.0
962,Norte,165.2,3,57.0,22.32,si,155500.0
963,Centro,174.1,5,21.0,0.7,no,427700.0
964,Centro,74.3,2,,1.63,no,66300.0
965,Periferia,141.9,5,56.0,3.62,no,116400.0
966,Norte,84.7,2,36.0,15.16,si,75700.0
967,Periferia,117.9,4,36.0,23.26,si,102200.0
968,Centro,65.4,2,44.0,0.38,si,115600.0
969,Sur,87.4,1,,24.08,no,71900.0
970,Norte,86.3,1,10.0,7.08,si,162700.0
971,Norte,141.4,5,20.0,4.43,no,330700.0
972,Centro,138.0,5,28.0,1.27,no,374500.0
973,Centro,119.7,4,44.0,1.6,si,261500.0
974,Periferia,62.7,3,15.0,9.16,si,84900.0
975,Norte,99.1,4,33.0,20.4,si,138500.0
976,Sur,83.9,3,,5.89,no,151000.0
977,Norte,140.4,3,1.0,19.15,no,239000.0
978,Norte,151.2,6,58.0,14.81,si,172000.0
979,Sur,147.0,5,51.0,6.03,no,156400.0
980,Centro,83.6,2,51.0,2.94,si,109700.0
981,Periferia,35.0,1,19.0,18.42,si,30000.0
982,Periferia,,2,30.0,13.86,no,30000.0
983,Sur,,3,40.0,7.19,no,229900.0
984,Norte,96.0,3,15.0,5.04,si,182500.0
985,Centro,83.7,2,44.0,1.73,no,120300.0
986,Periferia,167.5,5,41.0,17.08,no,146500.0
987,Norte,154.3,4,24.0,20.61,no,275200.0
988,Centro,110.9,3,26.0,2.82,no,260700.0
989,Norte,99.7,2,18.0,21.08,si,127300.0
990,Sur,105.4,3,48.0,5.74,si,92000.0
991,Sur,118.0,5,59.0,13.43,no,30600.0
992,Sur,166.0,6,59.0,17.34,no,115700.0
993,Sur,124.8,4,46.0,4.38,si,146800.0
994,Norte,135.4,4,20.0,5.45,si,287600.0
995,Periferia,150.9,5,46.0,16.58,si,137300.0
996,Norte,69.1,3,14.0,21.98,no,71700.0
997,Sur,136.4,3,53.0,17.19,si,74200.0
998,Centro,99.7,3,16.0,0.23,si,293600.0
999,Periferia,35.0,1,24.0,24.32,si,30000.0
1000,Norte,35.5,2,5.0,5.21,no,68100.0
1001,Centro,74.4,4,4.0,2.79,no,226800.0
1002,Norte,128.6,4,23.0,24.42,si,210700.0
1003,Centro,114.0,2,33.0,0.54,si,307400.0
1004,Centro,116.5,4,1.0,2.25,si,369700.0
1005,Sur,178.3,4,50.0,20.55,no,196700.0
1006,Norte,65.6,1,6.0,16.99,no,108600.0
1007,Periferia,109.0,4,59.0,8.54,no,30000.0
1008,Norte,120.7,4,16.0,9.52,no,199000.0
1009,Sur,84.2,2,22.0,23.79,si,69400.0
1010,Norte,111.0,3,9.0,21.79,si,192200.0
1011,Sur,54.0,2,49.0,10.27,si,30000.0
1012,Sur,159.3,4,43.0,10.59,no,189800.0
1013,Norte,86.1,2,4.0,8.85,si,167900.0
1014,Periferia,181.1,5,6.0,9.5,no,241200.0
1015,Norte,108.9,3,36.0,21.8,si,109000.0
1016,Centro,146.0,4,51.0,0.38,no,275000.0
1017,Sur,108.1,2,6.0,12.03,si,172900.0
1018,Periferia,108.9,4,13.0,23.69,si,110200.0
1019,Centro,89.6,1,32.0,1.0,no,175400.0
1020,Norte,114.2,3,6.0,12.36,si,235600.0
1021,Periferia,121.1,3,18.0,9.18,si,154300.0
1022,Sur,82.6,2,0.0,3.7,si,169600.0
1023,Periferia,105.6,3,29.0,7.16,no,97100.0
1024,Sur,88.6,3,42.0,4.08,si,80600.0
1025,Sur,190.5,5,24.0,4.91,no,320100.0
1026,Norte,106.9,4,15.0,5.76,no,229100.0
1027,Periferia,164.1,5,25.0,8.95,no,196200.0
1028,Norte,103.2,2,30.0,2.25,si,226100.0
1029,Sur,119.1,5,9.0,23.85,no,182400.0
1030,Norte,63.8,1,6.0,4.85,si,124600.0
1031,Sur,94.4,3,10.0,10.81,no,152500.0
1032,Sur,117.4,4,59.0,22.23,no,30000.0
1033,Sur,165.5,5,43.0,4.45,si,256000.0
1034,Periferia,117.8,3,7.0,13.12,si,137900.0
1035,Norte,158.4,5,18.0,21.43,no,291400.0
1036,Sur,132.4,3,24.0,14.81,no,148900.0
1037,Norte,167.0,5,10.0,6.84,no,364000.0
1038,Norte,107.9,3,51.0,18.92,no,30000.0
1039,Norte,193.7,5,56.0,17.67,no,217400.0
1040,Centro,93.0,3,14.0,2.31,no,273000.0
1041,Centro,83.2,3,0.0,0.97,no,248700.0
1042,Sur,67.6,2,16.0,2.18,si,158600.0
1043,Sur,191.6,6,34.0,20.98,no,243100.0
1044,Sur,138.7,4,48.0,9.4,no,152200.0
1045,Centro,98.3,2,20.0,1.01,si,251900.0
1046,Norte,,4,16.0,13.93,si,301800.0
1047,Centro,134.1,4,14.0,1.75,si,386000.0
1048,Sur,178.8,5,0.0,2.2,si,374600.0
1049,Periferia,55.8,2,0.0,3.29,no,80500.0
1050,Norte,100.7,3,25.0,11.59,si,139000.0
1051,Sur,93.8,1,37.0,17.55,no,30000.0
1052,Centro,40.9,1,0.0,1.54,si,118000.0
1053,Norte,147.1,5,12.0,22.64,no,271700.0
1054,Centro,100.5,2,54.0,1.72,no,106500.0
1055,Norte,135.9,4,59.0,9.82,no,92400.0
1056,Sur,192.6,6,38.0,10.08,no,262300.0
1057,Periferia,97.6,2,31.0,9.82,si,104400.0
1058,Norte,95.3,2,34.0,13.22,no,76400.0
1059,Sur,114.2,5,22.0,20.18,no,144500.0
1060,Sur,144.6,4,12.0,9.31,si,249500.0
1061,Periferia,90.2,2,22.0,19.12,no,58300.0
1062,Sur,87.9,2,41.0,5.37,si,91000.0
1063,Norte,147.0,4,39.0,14.9,no,203200.0
1064,Sur,123.3,3,40.0,10.63,si,143100.0
1065,Norte,38.4,2,36.0,14.4,no,30000.0
1066,Periferia,67.1,1,3.0,4.48,si,103800.0
1067,Norte,162.5,6,37.0,23.93,si,270500.0
1068,Sur,124.1,3,52.0,22.84,no,46800.0
1069,Centro,83.3,2,38.0,2.93,no,135200.0
1070,Norte,104.0,3,34.0,22.53,si,109800.0
1071,Periferia,110.5,1,13.0,5.37,no,147200.0
1072,Sur,135.8,4,47.0,13.59,no,115700.0
1073,Norte,62.5,2,27.0,9.31,no,43300.0
1074,Periferia,80.6,3,15.0,22.41,si,83300.0
1075,Periferia,119.6,2,29.0,6.36,no,102500.0
1076,Norte,106.5,4,7.0,7.06,no,228200.0
1077,Sur,130.0,4,55.0,17.79,si,70200.0
1078,Norte,67.0,3,42.0,4.04,si,71100.0
1079,Sur,122.5,3,19.0,18.84,no,146600.0
1080,Norte,148.2,5,47.0,8.17,si,217900.0
1081,Norte,127.0,2,3.0,17.2,si,235600.0
1082,Periferia,114.9,4,23.0,22.08,si,117900.0
1083,Periferia,106.6,2,39.0,16.02,no,48500.0
1084,Periferia,80.8,1,1.0,6.89,no,111500.0
1085,Periferia,107.5,2,42.0,3.13,no,95800.0
1086,Sur,154.1,4,49.0,3.03,no,191500.0
1087,Sur,105.8,2,35.0,4.04,si,162200.0
1088,Sur,78.9,3,12.0,15.34,si,125000.0
1089,Norte,92.8,1,44.0,10.01,si,80100.0
1090,Norte,117.0,2,20.0,7.59,si,221300.0
1091,Norte,96.9,4,44.0,7.04,si,104700.0
1092,Sur,127.0,4,37.0,23.82,no,109900.0
1093,Norte,128.3,3,5.0,4.73,si,313400.0
1094,Norte,141.1,4,5.0,9.01,si,316900.0
1095,Sur,159.8,5,0.0,12.84,si,220200.0
1096,Norte,144.9,4,4.0,2.01,si,378900.0
1097,Norte,77.3,2,17.0,23.18,si,99600.0
1098,Periferia,78.4,3,1.0,4.28,si,120900.0
1099,Periferia,107.3,2,56.0,17.7,si,30000.0
1100,Centro,94.2,3,54.0,1.34,no,105000.0
1101,Centro,70.2,2,10.0,0.61,no,195400.0
1102,Norte,94.5,2,18.0,16.98,no,139800.0
1103,Sur,93.4,2,44.0,19.7,no,30000.0
1104,Periferia,,3,39.0,11.69,no,46000.0
1105,Centro,98.9,3,34.0,1.78,no,206300.0
1106,Sur,151.2,3,59.0,18.14,no,56200.0
1107,Centro,117.0,4,37.0,1.11,no,268300.0
1108,Norte,196.5,5,40.0,13.77,si,360700.0
1109,Periferia,116.0,3,30.0,6.73,si,157500.0
1110,Centro,99.8,3,31.0,1.91,si,256300.0
1111,Centro,110.1,3,17.0,2.88,si,276600.0
1112,Norte,119.0,2,31.0,2.21,no,197000.0
1113,Sur,125.2,4,55.0,11.6,si,88500.0
1114,Periferia,182.7,5,22.0,2.06,no,269100.0
1115,Periferia,80.4,3,7.0,15.0,no,71800.0
1116,Centro,140.1,4,35.0,0.71,no,367400.0
1117,Centro,117.3,3,47.0,0.19,si,248100.0
1118,Sur,,3,57.0,17.95,si,30000.0
1119,Norte,137.0,4,32.0,2.0,si,311400.0
1120,Periferia,154.4,5,47.0,3.37,no,164400.0
1121,Sur,80.0,2,15.0,18.06,no,109600.0
1122,Centro,109.7,3,25.0,0.93,no,267000.0
1123,Periferia,49.6,1,25.0,18.51,no,30000.0
1124,Centro,65.9,3,19.0,0.98,no,169700.0
1125,Norte,146.7,4,42.0,18.27,no,200000.0
1126,Sur,93.7,2,53.0,19.01,si,30000.0
1127,Sur,71.2,2,19.0,18.66,si,56700.0
1128,Sur,118.0,3,,18.97,si,151200.0
1129,Sur,91.7,2,49.0,3.7,no,75800.0
1130,Periferia,93.5,3,50.0,3.46,no,58400.0
1131,Periferia,135.9,5,56.0,10.31,no,101300.0
1132,Sur,69.3,1,15.0,14.13,no,54500.0
1133,Centro,78.3,2,43.0,0.63,no,127400.0
1134,Sur,115.4,2,42.0,9.7,si,115200.0
1135,Periferia,143.9,6,47.0,8.33,si,139800.0
1136,Norte,153.3,5,48.0,19.97,no,165600.0
1137,Norte,86.7,3,57.0,7.73,no,30000.0
1138,Norte,142.8,3,28.0,20.88,no,207300.0
1139,Centro,82.6,2,4.0,1.56,si,262500.0
1140,Sur,173.9,5,11.0,10.27,no,298200.0
1141,Norte,70.3,2,53.0,11.22,no,30000.0
1142,Sur,156.5,5,,8.89,no,160400.0
1143,Periferia,87.0,4,0.0,2.08,si,179500.0
1144,Periferia,180.5,4,22.0,7.42,no,248900.0
1145,Norte,130.7,3,14.0,9.77,no,266200.0
1146,Norte,74.4,1,19.0,9.21,no,117500.0
1147,Sur,91.7,4,38.0,20.07,no,50500.0
1148,Periferia,137.3,5,30.0,3.09,no,190600.0
1149,Norte,146.8,4,28.0,10.95,no,266800.0
1150,Periferia,107.5,3,26.0,2.86,no,120400.0
1151,Centro,111.6,3,38.0,0.16,si,262600.0
1152,Periferia,136.5,5,40.0,20.17,si,102800.0
1153,Centro,114.6,3,2.0,0.42,si,364700.0
1154,Centro,64.7,2,8.0,2.19,no,165200.0
1155,Sur,81.5,3,20.0,9.26,si,96200.0
1156,Centro,118.2,3,26.0,2.06,si,310400.0
1157,Centro,152.5,4,59.0,0.6,no,234500.0
1158,Centro,166.6,5,53.0,2.3,no,317700.0
1159,Norte,137.3,5,38.0,11.45,si,259400.0
1160,Sur,120.1,5,2.0,10.65,si,217800.0
1161,Centro,136.2,4,6.0,1.7,no,375100.0
1162,Sur,86.7,3,27.0,21.25,si,87700.0
1163,Periferia,104.6,3,35.0,24.23,no,54600.0
1164,Centro,81.2,2,39.0,2.48,no,117200.0
1165,Centro,66.3,2,8.0,2.82,si,178900.0
1166,Periferia,121.7,4,53.0,8.92,no,61400.0
1167,Periferia,116.5,2,29.0,11.76,si,116400.0
1168,Sur,134.1,4,35.0,12.88,no,165900.0
1169,Periferia,129.1,4,2.0,8.7,si,195400.0
1170,Centro,118.5,3,49.0,2.19,si,230000.0
1171,Norte,129.5,5,32.0,7.13,si,264500.0
1172,Sur,108.5,3,13.0,18.02,no,136300.0
1173,Norte,124.5,5,19.0,21.59,si,216400.0
1174,Sur,84.6,3,21.0,15.89,si,84600.0
1175,Sur,122.9,4,1.0,10.15,si,201000.0
1176,Sur,133.4,3,,6.32,no,80800.0
1177,Norte,86.6,2,48.0,5.09,si,36900.0
1178,Norte,111.8,3,53.0,19.12,no,30000.0
1179,Norte,88.2,1,21.0,12.79,no,130200.0
1180,Norte,91.6,2,33.0,3.07,no,148400.0
1181,Sur,70.6,2,27.0,24.63,no,30000.0
1182,Centro,154.3,5,28.0,1.42,si,432700.0
1183,Centro,,5,35.0,1.78,no,323600.0
1184,Centro,,3,27.0,1.18,no,323900.0
1185,Centro,179.0,5,46.0,1.51,si,427100.0
1186,Periferia,103.4,3,3.0,6.59,no,136100.0
1187,Norte,216.1,4,11.0,6.26,si,458300.0
1188,Periferia,102.0,3,53.0,22.48,no,30000.0
1189,Centro,118.9,4,52.0,2.74,no,186400.0
1190,Sur,96.1,1,49.0,13.48,no,30000.0
1191,Norte,123.0,4,22.0,4.89,si,249700.0
1192,Norte,139.2,5,27.0,9.02,no,296100.0
1193,Periferia,106.0,2,1.0,19.35,no,82000.0
1194,Periferia,172.2,5,16.0,21.46,si,212200.0
1195,Periferia,118.4,2,43.0,10.0,no,63700.0
1196,Centro,119.5,5,20.0,2.06,no,312700.0
1197,Norte,78.2,2,28.0,17.31,no,53300.0
1198,Sur,124.6,4,7.0,19.01,no,177400.0
1199,Norte,105.3,4,29.0,11.75,si,198200.0
1200,Sur,88.7,3,43.0,15.41,si,45700.0
1201,Sur,82.8,2,34.0,24.71,si,30000.0
1202,Sur,203.5,5,33.0,7.63,si,328100.0
1203,Periferia,100.8,3,54.0,15.18,no,30000.0
1204,Sur,59.0,1,14.0,16.05,no,37000.0
1205,Centro,85.6,1,17.0,1.39,si,236600.0
1206,Centro,108.2,3,37.0,2.26,no,212100.0
1207,Sur,129.1,3,28.0,15.92,si,163700.0
1208,Norte,129.4,5,58.0,13.68,si,100800.0
1209,Norte,,4,3.0,4.83,no,314700.0
1210,Norte,87.4,2,,18.17,no,148800.0
1211,Sur,121.9,3,20.0,5.04,si,207400.0
1212,Periferia,79.3,1,27.0,2.61,no,83500.0
1213,Sur,88.3,2,53.0,13.24,no,30000.0
1214,Norte,77.9,3,29.0,15.17,si,85300.0
1215,Norte,68.4,4,26.0,24.98,no,52400.0
1216,Sur,147.2,5,10.0,18.38,no,220800.0
1217,Norte,134.1,4,26.0,21.52,si,209200.0
1218,Sur,144.2,4,31.0,9.97,no,205000.0
1219,Sur,111.4,2,35.0,13.71,no,96600.0
1220,Centro,137.2,6,36.0,0.92,no,332900.0
1221,Centro,48.4,1,25.0,1.29,no,99000.0
1222,Norte,140.2,6,9.0,20.57,no,266200.0
1223,Periferia,116.2,4,9.0,14.1,si,166100.0
1224,Sur,131.9,2,9.0,7.15,si,229500.0
1225,Centro,123.3,3,37.0,2.82,si,269300.0
1226,Periferia,75.5,2,51.0,7.02,si,30000.0
1227,Norte,57.6,2,52.0,2.07,si,30000.0
1228,Norte,85.1,2,18.0,7.43,no,145700.0
1229,Periferia,129.8,6,4.0,6.44,si,216800.0
1230,Centro,134.2,3,37.0,2.4,si,307800.0
1231,Norte,62.1,2,2.0,22.44,no,47400.0
1232,Sur,75.7,3,37.0,10.92,si,77600.0
1233,Centro,84.7,2,22.0,1.92,no,189000.0
1234,Sur,97.5,3,50.0,14.78,no,63000.0
1235,Norte,62.3,1,37.0,2.18,si,94100.0
1236,Centro,60.2,2,44.0,0.64,si,75200.0
1237,Norte,81.2,3,24.0,23.42,no,71100.0
1238,Norte,113.0,3,50.0,15.9,si,95000.0
1239,Centro,68.7,2,31.0,0.33,no,151300.0
1240,Centro,105.9,4,37.0,1.2,no,211400.0
1241,Periferia,147.0,5,21.0,18.48,no,150900.0
1242,Norte,64.4,2,26.0,19.76,si,56200.0
1243,Norte,102.8,2,50.0,24.44,no,30000.0
1244,Centro,145.9,4,23.0,2.02,si,379000.0
1245,Norte,95.4,3,1.0,23.9,no,135700.0
1246,Norte,89.9,3,22.0,11.01,no,132400.0
1247,Sur,150.7,4,23.0,21.27,si,193200.0
1248,Norte,99.3,2,25.0,14.53,si,137800.0
1249,Periferia,148.7,3,4.0,14.99,si,169200.0
1250,Periferia,125.0,2,7.0,10.27,no,155900.0
1251,Centro,98.0,3,19.0,0.15,si,298800.0
1252,Centro,126.8,2,25.0,2.71,no,281700.0
1253,Centro,121.2,3,1.0,2.65,no,331300.0
1254,Sur,145.7,4,23.0,14.88,no,192000.0
1255,Centro,90.8,2,,0.6,no,232300.0
1256,Periferia,111.4,3,2.0,12.85,si,114100.0
1257,Sur,107.8,4,15.0,17.65,si,157300.0
1258,Periferia,134.6,3,16.0,13.16,no,155300.0
1259,Sur,74.1,2,8.0,17.16,si,78100.0
1260,Periferia,145.6,5,45.0,17.51,no,97600.0
1261,Centro,126.3,3,4.0,0.48,no,370000.0
1262,Norte,,1,34.0,20.94,si,30000.0
1263,Norte,152.3,5,39.0,14.44,no,226800.0
1264,Periferia,188.2,6,48.0,6.45,si,240100.0
1265,Sur,145.1,5,32.0,17.63,no,185700.0
1266,Periferia,159.9,5,32.0,3.77,no,207800.0
1267,Centro,113.0,2,45.0,2.94,no,178100.0
1268,Periferia,51.8,3,51.0,20.22,no,30000.0
1269,Norte,45.5,2,12.0,12.01,si,63200.0
1270,Norte,118.9,4,47.0,13.46,no,129600.0
1271,Periferia,89.3,3,27.0,24.71,si,48500.0
1272,Norte,78.0,2,5.0,7.41,no,140700.0
1273,Norte,107.8,3,36.0,2.45,si,221800.0
1274,Sur,131.5,4,58.0,4.56,si,116300.0
1275,Centro,59.2,1,8.0,1.22,si,175300.0
1276,Norte,94.3,3,0.0,18.7,si,136600.0
1277,Centro,162.8,3,54.0,1.73,si,256500.0
1278,Centro,72.4,2,35.0,2.17,si,175100.0
1279,Periferia,140.4,6,13.0,7.87,no,205600.0
1280,Sur,93.0,2,47.0,14.0,no,30000.0
1281,Norte,129.1,3,23.0,2.34,si,296500.0
1282,Norte,148.4,4,19.0,17.68,no,240600.0
1283,Norte,135.9,4,17.0,16.13,si,252400.0
1284,Sur,141.8,3,35.0,2.5,no,190000.0
1285,Periferia,69.7,2,8.0,20.79,si,36200.0
1286,Periferia,149.0,5,21.0,19.56,no,135400.0
1287,Norte,80.2,2,18.0,9.09,si,118000.0
1288,Norte,119.1,4,3.0,16.61,si,248800.0
1289,Norte,119.0,4,45.0,15.83,no,96200.0
1290,Sur,127.0,4,0.0,5.29,no,228300.0
1291,Norte,121.8,4,57.0,6.44,no,109500.0
1292,Sur,80.5,5,5.0,17.71,si,121400.0
1293,Sur,62.8,3,21.0,23.47,no,30000.0
1294,Norte,140.5,4,5.0,15.25,no,265600.0
1295,Norte,116.5,3,22.0,15.06,si,192200.0
1296,Norte,150.2,4,36.0,16.87,si,251900.0
1297,Centro,108.4,4,5.0,1.62,si,368400.0
1298,Centro,60.8,3,31.0,1.64,si,170600.0
1299,Sur,,5,46.0,11.12,si,132100.0
1300,Norte,97.0,3,27.0,22.71,si,111200.0
1301,Norte,122.0,2,6.0,20.51,no,184000.0
1302,Sur,87.3,3,41.0,23.33,no,30000.0
1303,Sur,167.6,4,11.0,5.52,no,257800.0
1304,Norte,79.3,1,1.0,13.64,no,80000.0
1305,Periferia,98.2,3,26.0,15.45,si,115500.0
1306,Periferia,113.8,4,16.0,6.83,no,141900.0
1307,Sur,71.8,3,1.0,6.62,no,89300.0
1308,Sur,,4,46.0,19.99,no,60000.0
1309,Centro,166.4,5,35.0,2.14,si,427700.0
1310,Periferia,92.8,2,54.0,16.89,no,30000.0
1311,Norte,123.8,3,28.0,8.14,no,211300.0
1312,Periferia,35.0,1,26.0,13.66,no,30000.0
1313,Sur,108.6,2,50.0,2.53,no,61200.0
1314,Centro,99.0,3,4.0,1.91,no,297900.0
1315,Centro,81.4,2,21.0,0.88,no,214400.0
1316,Sur,,5,47.0,9.12,no,153500.0
1317,Sur,98.6,4,17.0,24.21,no,93300.0
1318,Centro,103.8,2,53.0,2.83,no,118800.0
1319,Sur,96.8,3,17.0,3.92,si,181100.0
1320,Periferia,42.9,1,24.0,2.41,no,55300.0
1321,Norte,70.4,1,,18.68,si,30000.0
1322,Norte,143.6,4,14.0,5.94,si,325200.0
1323,Centro,36.2,1,58.0,2.53,si,30000.0
1324,Sur,83.2,2,2.0,11.75,no,95400.0
1325,Norte,96.0,4,15.0,8.07,si,205900.0
1326,Periferia,171.0,4,35.0,16.18,si,177400.0
1327,Norte,136.9,4,35.0,13.17,si,228200.0
1328,Sur,90.5,2,54.0,4.56,no,30000.0
1329,Norte,155.7,5,57.0,20.05,no,132400.0
1330,Centro,84.1,3,40.0,2.89,no,136000.0
1331,Sur,145.3,4,39.0,16.05,si,164800.0
1332,Norte,62.4,1,19.0,2.09,si,142600.0
1333,Sur,147.6,4,48.0,16.41,no,117400.0
1334,Periferia,95.8,3,38.0,8.51,si,75500.0
1335,Periferia,74.0,4,1.0,13.37,no,90800.0
1336,Periferia,102.4,3,49.0,8.85,no,56900.0
1337,Centro,119.7,3,21.0,2.35,no,291100.0
1338,Sur,92.7,3,28.0,7.31,si,120000.0
1339,Periferia,129.4,6,29.0,23.0,si,136100.0
1340,Norte,89.6,3,49.0,23.11,no,30000.0
1341,Centro,131.7,5,16.0,0.52,si,439600.0
1342,Periferia,125.5,3,23.0,8.99,no,148500.0
1343,Norte,107.9,3,2.0,10.76,no,201300.0
1344,Sur,94.6,3,20.0,24.75,si,82600.0
1345,Periferia,115.3,4,5.0,16.23,si,158300.0
1346,Sur,129.3,3,34.0,14.53,no,126100.0
1347,Norte,182.2,5,53.0,2.83,si,295800.0
1348,Norte,142.9,5,27.0,21.5,no,233300.0
1349,Norte,144.2,5,54.0,3.93,no,193500.0
1350,Centro,218.1,7,58.0,0.33,no,416900.0
1351,Sur,128.1,5,3.0,8.32,si,230600.0
1352,Periferia,127.0,4,30.0,12.94,si,144300.0
1353,Norte,134.6,4,31.0,22.59,no,172800.0
1354,Norte,74.7,3,23.0,20.17,no,68900.0
1355,Periferia,94.5,3,49.0,6.55,no,30000.0
1356,Centro,92.3,2,23.0,0.59,no,194300.0
1357,Sur,132.7,3,3.0,19.95,no,158200.0
1358,Norte,103.9,3,32.0,14.12,si,150700.0
1359,Sur,114.8,3,12.0,6.01,si,149900.0
1360,Centro,148.1,4,21.0,1.97,no,375400.0
1361,Sur,140.2,5,30.0,16.4,si,162500.0
1362,Norte,104.3,4,43.0,24.38,no,56800.0
1363,Sur,86.6,4,16.0,17.22,si,144800.0
1364,Centro,149.7,3,22.0,1.98,si,398300.0
1365,Norte,137.1,4,4.0,18.22,si,265300.0
1366,Sur,,2,23.0,7.77,no,59100.0
1367,Norte,99.0,2,34.0,21.83,no,71900.0
1368,Centro,115.8,3,37.0,1.17,si,268600.0
1369,Centro,137.3,3,17.0,1.51,si,401500.0
1370,Norte,141.9,4,3.0,12.76,si,304800.0
1371,Centro,119.9,5,34.0,1.08,si,325400.0
1372,Periferia,130.5,5,39.0,7.42,no,134000.0
1373,Norte,112.2,3,5.0,15.19,si,207100.0
1374,Periferia,86.4,3,30.0,19.65,si,75900.0
1375,Periferia,100.9,3,5.0,21.2,si,104100.0
1376,Centro,110.7,3,27.0,0.85,no,297200.0
1377,Sur,108.8,3,38.0,3.54,no,116300.0
1378,Periferia,44.0,2,43.0,13.13,no,30000.0
1379,Sur,96.1,4,42.0,11.98,no,77000.0
1380,Norte,112.0,4,45.0,6.53,no,122100.0
1381,Norte,100.2,2,14.0,22.61,no,129200.0
1382,Centro,101.4,4,50.0,0.06,no,172500.0
1383,Sur,127.1,4,20.0,3.19,no,216400.0
1384,Periferia,72.2,2,22.0,20.3,si,40500.0
1385,Periferia,53.0,2,47.0,16.85,no,30000.0
1386,Centro,,3,19.0,2.32,no,261800.0
1387,Sur,136.7,4,4.0,16.61,no,204100.0
1388,Norte,169.1,5,42.0,4.96,si,298500.0
1389,Periferia,137.4,2,39.0,3.6,si,138600.0
1390,Centro,58.6,2,34.0,2.4,no,89900.0
1391,Periferia,101.9,2,8.0,16.64,si,117500.0
1392,Periferia,119.0,2,37.0,7.82,si,106600.0
1393,Centro,116.2,4,11.0,2.8,si,364700.0
1394,Centro,128.9,4,33.0,1.21,no,321900.0
1395,Periferia,77.9,2,30.0,12.09,no,38300.0
1396,Centro,112.3,3,46.0,1.82,no,173300.0
1397,Sur,124.7,4,58.0,21.98,no,30000.0
1398,Periferia,138.9,5,11.0,9.92,no,182300.0
1399,Sur,81.8,2,6.0,18.01,si,116700.0
1400,Norte,97.9,3,33.0,17.19,si,133600.0
1401,Norte,35.0,2,57.0,19.74,si,30000.0
1402,Centro,88.2,1,9.0,0.05,no,269800.0
1403,Periferia,91.6,3,29.0,3.2,si,133400.0
1404,Norte,74.3,2,24.0,5.93,si,133600.0
1405,Centro,115.8,3,19.0,1.8,no,306100.0
1406,Norte,108.0,3,39.0,19.83,no,98000.0
1407,Periferia,35.0,1,17.0,19.39,si,30000.0
1408,Centro,117.5,5,,1.71,no,289000.0
1409,Periferia,77.5,2,50.0,3.95,no,30000.0
1410,Sur,127.0,4,22.0,2.4,no,213300.0
1411,Periferia,65.1,3,1.0,19.99,no,37300.0
1412,Periferia,111.1,3,53.0,14.64,si,30000.0
1413,Periferia,100.1,4,16.0,20.0,si,119500.0
1414,Periferia,120.6,3,46.0,5.74,si,113200.0
1415,Centro,114.4,5,45.0,2.88,no,187600.0
1416,Sur,101.1,3,31.0,23.14,no,68900.0
1417,Sur,56.2,2,5.0,5.95,no,76100.0
1418,Sur,58.3,2,57.0,3.42,no,30000.0
1419,Periferia,89.6,2,,17.03,si,30000.0
1420,Periferia,109.7,3,25.0,15.67,si,93200.0
1421,Sur,88.7,3,51.0,23.9,si,30000.0
1422,Norte,131.9,4,47.0,22.85,si,104300.0
1423,Norte,100.2,3,45.0,19.24,no,44300.0
1424,Norte,76.2,2,,2.44,no,161000.0
1425,Norte,100.3,4,37.0,13.05,si,133500.0
1426,Norte,117.9,4,17.0,22.61,no,179900.0
1427,Centro,121.4,3,4.0,2.5,si,375500.0
1428,Centro,175.7,4,20.0,2.46,no,431800.0
1429,Sur,86.6,3,6.0,17.01,si,130000.0
1430,Norte,107.4,4,6.0,4.52,no,204200.0
1431,Periferia,,4,43.0,13.71,si,126300.0
1432,Sur,109.2,2,30.0,18.0,si,79100.0
1433,Centro,92.5,2,23.0,0.11,no,288500.0
1434,Centro,55.8,1,11.0,0.59,si,174200.0
1435,Norte,92.1,2,46.0,18.49,no,36900.0
1436,Periferia,72.4,3,38.0,5.61,si,78800.0
1437,Norte,49.6,1,35.0,10.01,no,30000.0
1438,Sur,82.2,1,11.0,17.87,si,82000.0
1439,Periferia,73.4,1,7.0,19.84,no,32400.0
1440,Periferia,130.4,4,7.0,13.93,no,171700.0
1441,Norte,131.0,4,1.0,24.01,no,209100.0
1442,Centro,78.4,3,58.0,0.55,si,53900.0
1443,Centro,100.9,4,22.0,0.02,no,315000.0
1444,Centro,45.0,1,39.0,0.94,si,47000.0
1445,Centro,92.7,4,58.0,2.92,no,53200.0
1446,Sur,124.0,3,56.0,7.59,si,87700.0
1447,Periferia,138.9,5,19.0,21.38,no,141900.0
1448,Sur,85.0,1,29.0,15.5,no,45900.0
1449,Sur,,4,27.0,11.06,si,240800.0
1450,Norte,57.0,2,2.0,14.8,si,80800.0
1451,Periferia,66.3,3,46.0,14.25,si,30000.0
1452,Sur,134.8,3,34.0,23.27,no,119300.0
1453,Periferia,168.5,5,22.0,6.93,si,247200.0
1454,Periferia,127.3,3,33.0,23.35,no,77500.0
1455,Norte,108.6,4,44.0,2.72,no,166200.0
1456,Centro,35.0,2,0.0,2.38,no,99600.0
1457,Norte,39.2,2,38.0,23.15,si,30000.0
1458,Norte,114.5,3,51.0,11.06,si,127400.0
1459,Periferia,97.5,4,43.0,3.68,si,121700.0
1460,Norte,71.3,3,37.0,20.51,no,30000.0
1461,Sur,112.3,2,5.0,21.39,si,125000.0
1462,Sur,114.0,4,44.0,9.73,si,120900.0
1463,Centro,143.1,5,45.0,0.73,si,312600.0
1464,Norte,114.8,3,29.0,20.62,no,157000.0
1465,Sur,153.0,3,34.0,6.42,no,197600.0
1466,Sur,110.3,4,37.0,16.47,si,137300.0
1467,Norte,106.0,2,7.0,11.9,si,187700.0
1468,Norte,147.3,4,15.0,6.01,si,328900.0
1469,Sur,75.8,2,47.0,21.12,si,30000.0
1470,Centro,208.5,7,58.0,2.08,no,395700.0
1471,Periferia,123.1,3,16.0,23.49,no,119000.0
1472,Centro,123.3,3,24.0,1.88,no,321600.0
1473,Centro,128.4,4,54.0,2.83,no,169400.0
1474,Norte,175.7,6,9.0,11.74,no,353100.0
1475,Sur,137.7,6,15.0,11.22,si,216400.0
1476,Sur,53.8,1,3.0,20.81,no,30000.0
1477,Norte,159.1,5,14.0,17.58,si,324000.0
1478,Periferia,98.1,2,38.0,19.79,si,69300.0
1479,Norte,113.8,4,20.0,11.68,no,195700.0
1480,Norte,65.2,1,59.0,8.01,si,30000.0
1481,Norte,128.4,3,53.0,4.0,no,102200.0
1482,Centro,87.2,2,53.0,1.75,si,133700.0
1483,Sur,113.5,3,43.0,11.55,si,113600.0
1484,Norte,100.1,3,,13.71,no,82800.0
1485,Sur,177.4,5,30.0,12.79,no,253600.0
1486,Centro,179.4,5,59.0,2.55,no,267800.0
1487,Periferia,111.6,2,5.0,17.73,si,113100.0
1488,Norte,112.2,4,43.0,16.0,si,151500.0
1489,Periferia,96.9,3,8.0,24.36,no,92300.0
1490,Norte,148.7,5,20.0,5.19,no,307800.0
1491,Centro,98.5,2,15.0,1.91,no,232000.0
1492,Periferia,95.3,1,36.0,3.45,no,75000.0
1493,Sur,144.3,4,47.0,20.58,no,105400.0
1494,Sur,91.2,4,4.0,16.18,no,150400.0
1495,Norte,108.7,3,36.0,11.85,si,149100.0
1496,Sur,54.7,1,13.0,20.45,no,30000.0
1497,Periferia,134.6,3,4.0,12.47,no,163200.0
1498,Sur,177.9,6,25.0,7.24,no,293400.0
1499,Norte,135.2,3,34.0,12.87,si,193700.0
1500,Sur,161.2,4,12.0,3.63,no,287900.0
1501,Sur,,3,23.0,22.65,si,90100.0
1502,Periferia,118.3,2,57.0,18.81,no,30000.0
1503,Norte,77.0,3,20.0,19.49,no,68500.0
1504,Norte,102.0,3,59.0,22.11,no,30000.0
1505,Periferia,137.0,5,50.0,20.21,si,67700.0
1506,Sur,113.6,4,22.0,11.93,si,166000.0
1507,Sur,60.6,2,34.0,4.73,no,51200.0
1508,Norte,64.0,1,42.0,10.59,no,30000.0
1509,Norte,61.7,2,27.0,23.48,no,36300.0
1510,Sur,127.2,3,24.0,23.83,si,159200.0
1511,Centro,182.2,6,19.0,0.49,no,501500.0
1512,Centro,157.7,5,8.0,0.46,no,445600.0
1513,Sur,43.6,2,1.0,6.47,si,57400.0
1514,Sur,159.7,5,20.0,22.23,si,253600.0
1515,Periferia,142.8,5,47.0,5.26,no,151800.0
1516,Norte,55.9,1,14.0,15.44,si,83200.0
1517,Centro,99.4,2,10.0,1.9,no,260600.0
1518,Periferia,148.3,5,19.0,8.95,no,192400.0
1519,Centro,129.3,3,35.0,2.06,no,260300.0
1520,Centro,64.2,2,12.0,0.53,si,218900.0
1521,Norte,131.4,3,13.0,19.89,no,207000.0
1522,Sur,35.2,1,6.0,13.18,no,30000.0
1523,Periferia,102.2,3,19.0,12.14,no,131400.0
1524,Sur,149.8,5,13.0,22.88,no,202800.0
1525,Sur,110.6,2,49.0,15.3,no,62500.0
1526,Centro,92.5,3,54.0,1.03,no,72200.0
1527,Norte,141.1,4,22.0,17.71,no,272700.0
1528,Norte,144.1,4,5.0,7.45,no,299600.0
1529,Centro,155.9,6,5.0,2.72,si,484300.0
1530,Norte,140.6,5,19.0,21.67,si,268900.0
1531,Norte,147.8,5,27.0,15.97,no,243400.0
1532,Centro,135.7,5,31.0,1.53,si,379000.0
1533,Sur,119.3,3,18.0,8.86,no,183800.0
1534,Sur,113.1,2,21.0,24.77,no,91600.0
1535,Centro,101.7,2,17.0,1.91,si,268500.0
1536,Norte,67.6,2,31.0,16.63,si,51600.0
1537,Sur,,1,41.0,3.66,no,48700.0
1538,Sur,100.1,3,2.0,24.29,si,144000.0
1539,Periferia,118.5,3,28.0,22.53,no,102900.0
1540,Norte,160.4,5,38.0,14.6,no,245300.0
1541,Periferia,108.5,3,40.0,9.12,no,92100.0
1542,Norte,145.1,4,33.0,18.06,no,178000.0
1543,Norte,147.8,5,31.0,21.17,no,212200.0
1544,Centro,101.9,3,40.0,0.17,si,249100.0
1545,Norte,130.8,3,22.0,24.47,si,215800.0
1546,Norte,101.5,3,34.0,16.65,si,128100.0
1547,Norte,156.3,3,19.0,9.39,no,316400.0
1548,Sur,132.3,3,26.0,13.45,si,192400.0
1549,Norte,68.3,1,7.0,20.78,si,68100.0
1550,Norte,115.7,3,21.0,8.1,si,226600.0
1551,Centro,167.7,4,8.0,1.93,si,492200.0
1552,Norte,103.7,3,13.0,18.67,si,167400.0
1553,Norte,125.7,3,25.0,12.22,no,224600.0
1554,Norte,129.1,4,30.0,20.78,si,178700.0
1555,Norte,73.7,2,56.0,5.3,no,30000.0
1556,Sur,127.9,4,1.0,9.72,si,230700.0
1557,Periferia,61.2,2,53.0,8.17,no,30000.0
1558,Norte,88.1,1,19.0,18.05,si,103400.0
1559,Sur,147.7,4,43.0,19.46,no,132200.0
1560,Periferia,,3,40.0,12.49,no,105500.0
1561,Periferia,99.3,3,,12.99,si,30000.0
1562,Sur,125.6,4,6.0,5.04,no,201700.0
1563,Periferia,107.9,4,58.0,18.14,si,36900.0
1564,Periferia,110.4,4,3.0,24.82,no,115300.0
1565,Sur,133.0,3,52.0,19.89,no,79500.0
1566,Norte,84.5,3,39.0,7.13,si,121000.0
1567,Centro,111.4,4,28.0,1.97,si,330100.0
1568,Centro,99.1,2,23.0,1.37,si,281600.0
1569,Norte,54.5,2,5.0,2.69,no,109200.0
1570,Norte,77.8,2,48.0,6.14,si,56700.0
1571,Norte,164.9,4,43.0,4.36,no,266400.0
1572,Sur,123.5,4,56.0,6.51,si,91100.0
1573,Sur,63.7,2,43.0,20.3,no,30000.0
1574,Periferia,56.1,1,57.0,8.74,si,30000.0
1575,Centro,106.1,3,53.0,0.55,no,154800.0
1576,Norte,164.6,4,25.0,23.82,si,276900.0
1577,Sur,103.5,3,42.0,15.21,si,64300.0
1578,Periferia,155.7,4,15.0,13.16,si,182700.0
1579,Periferia,,4,47.0,19.25,no,94900.0
1580,Periferia,126.5,4,36.0,4.23,si,162100.0
1581,Periferia,63.2,1,26.0,11.85,no,30000.0
1582,Norte,,3,37.0,13.47,no,202400.0
1583,Norte,98.3,1,16.0,21.11,si,162100.0
1584,Norte,140.2,4,,20.73,si,204700.0
1585,Sur,81.5,1,28.0,21.51,si,30000.0
1586,Periferia,116.2,3,19.0,18.05,si,166000.0
1587,Norte,122.3,4,58.0,14.2,no,30000.0
1588,Sur,104.6,3,3.0,21.04,no,119000.0
1589,Norte,124.2,3,45.0,22.09,si,95000.0
1590,Centro,100.7,3,,0.1,si,322300.0
1591,Centro,87.3,4,13.0,2.48,no,247100.0
1592,Centro,166.2,6,9.0,1.52,si,479700.0
1593,Periferia,146.7,5,6.0,13.74,no,189500.0
1594,Norte,83.4,3,7.0,3.59,no,202200.0
1595,Periferia,129.9,3,49.0,7.16,si,93800.0
1596,Sur,84.0,3,55.0,19.86,no,30000.0
1597,Centro,68.5,2,35.0,1.47,no,116300.0
1598,Centro,146.2,5,0.0,0.45,no,441800.0
1599,Periferia,50.4,1,51.0,15.91,no,30000.0
1600,Norte,142.4,4,36.0,22.2,no,160900.0
1601,Periferia,101.2,3,31.0,21.48,no,71700.0
1602,Centro,102.6,3,56.0,0.83,no,121000.0
1603,Sur,124.3,4,24.0,11.38,no,152200.0
1604,Periferia,130.3,3,21.0,5.27,no,152800.0
1605,Norte,81.1,1,46.0,17.4,no,30000.0
1606,Norte,135.1,5,31.0,6.17,si,260800.0
1607,Periferia,114.0,5,43.0,14.91,no,82800.0
1608,Norte,66.0,2,41.0,24.56,si,30000.0
1609,Norte,104.1,2,50.0,14.66,si,57300.0
1610,Norte,158.3,4,19.0,16.85,si,281800.0
1611,Norte,168.7,5,4.0,17.58,si,354300.0
1612,Sur,135.1,5,28.0,21.1,no,156300.0
1613,Sur,68.3,1,38.0,12.0,si,30000.0
1614,Norte,127.2,4,49.0,13.44,no,125600.0
1615,Periferia,139.8,4,16.0,6.05,no,200600.0
1616,Norte,135.4,5,44.0,16.14,si,181900.0
1617,Centro,137.5,4,49.0,0.08,si,303000.0
1618,Sur,122.7,2,48.0,13.68,no,102900.0
1619,Periferia,107.5,4,48.0,19.63,no,56100.0
1620,Centro,88.7,3,59.0,1.59,si,80500.0
1621,Norte,43.6,1,39.0,14.97,si,30000.0
1622,Sur,121.9,4,22.0,5.99,si,189800.0
1623,Periferia,,3,26.0,8.43,si,158200.0
1624,Centro,129.5,3,44.0,2.18,si,261400.0
1625,Norte,63.2,3,14.0,5.9,no,109300.0
1626,Sur,132.6,4,36.0,24.69,si,129900.0
1627,Norte,181.9,6,34.0,24.97,si,291000.0
1628,Centro,112.7,4,39.0,2.97,no,236700.0
1629,Centro,107.8,2,25.0,1.08,no,271800.0
1630,Norte,120.8,3,44.0,19.87,si,118800.0
1631,Norte,181.1,5,4.0,22.62,no,338000.0
1632,Periferia,74.2,2,44.0,13.94,no,30000.0
1633,Sur,117.1,4,48.0,2.81,si,108400.0
1634,Sur,82.0,2,53.0,18.32,si,30000.0
1635,Periferia,90.9,2,55.0,24.65,no,30000.0
1636,Norte,108.3,3,20.0,7.94,no,181300.0
1637,Norte,157.2,5,2.0,12.66,no,325800.0
1638,Periferia,173.0,6,,10.31,si,219900.0
1639,Norte,,4,5.0,10.98,no,246300.0
1640,Sur,96.8,3,16.0,18.59,si,142300.0
1641,Sur,197.2,6,42.0,10.7,no,251500.0
1642,Centro,95.0,3,35.0,0.03,no,231600.0
1643,Norte,90.0,2,36.0,20.16,si,69900.0
1644,Norte,47.9,2,45.0,2.64,si,39700.0
1645,Centro,158.9,4,9.0,2.17,no,436900.0
1646,Norte,143.9,5,47.0,19.78,no,154700.0
1647,Norte,194.6,7,35.0,13.88,si,351800.0
1648,Sur,61.4,2,25.0,13.43,no,30000.0
1649,Periferia,161.0,5,27.0,21.22,si,200900.0
1650,Periferia,112.5,3,30.0,11.77,si,87000.0
1651,Norte,138.2,3,33.0,5.67,si,277800.0
1652,Norte,,1,20.0,9.2,no,53000.0
1653,Norte,161.4,5,,8.1,si,352100.0
1654,Centro,137.5,4,10.0,2.37,no,364500.0
1655,Periferia,,3,20.0,6.11,si,175800.0
1656,Norte,132.6,5,15.0,16.83,no,261800.0
1657,Norte,83.2,2,30.0,12.72,no,80300.0
1658,Periferia,89.7,2,54.0,21.31,si,30000.0
1659,Norte,93.8,4,6.0,13.15,si,180000.0
1660,Centro,45.2,2,18.0,1.18,si,144000.0
1661,Centro,140.2,4,2.0,0.58,si,430200.0
1662,Sur,151.7,4,58.0,6.26,no,120600.0
1663,Sur,85.5,2,42.0,17.78,no,45700.0
1664,Norte,122.2,4,14.0,6.94,si,270500.0
1665,Periferia,100.7,3,24.0,20.94,no,61500.0
1666,Periferia,121.5,5,43.0,16.62,no,66300.0
1667,Periferia,88.0,3,57.0,8.76,si,30000.0
1668,Norte,79.1,3,34.0,7.73,si,102200.0
1669,Centro,146.8,3,16.0,2.95,si,401200.0
1670,Periferia,107.8,3,41.0,20.42,no,30000.0
1671,Norte,180.8,6,41.0,20.31,si,300400.0
1672,Sur,111.6,4,38.0,2.77,no,133900.0
1673,Sur,77.6,1,2.0,8.95,si,112700.0
1674,Centro,152.9,5,42.0,2.04,no,326200.0
1675,Sur,132.1,5,1.0,15.47,si,242300.0
1676,Periferia,135.4,2,54.0,5.44,no,85600.0
1677,Sur,151.7,6,52.0,9.71,si,196300.0
1678,Norte,87.2,1,33.0,22.37,si,66400.0
1679,Periferia,105.5,4,38.0,12.96,si,114700.0
1680,Sur,104.0,3,4.0,19.12,no,122500.0
1681,Sur,64.8,1,52.0,13.15,no,30000.0
1682,Periferia,100.8,3,16.0,12.69,si,139000.0
1683,Sur,156.8,5,15.0,16.3,no,244800.0
1684,Norte,118.3,4,42.0,7.97,no,164100.0
1685,Centro,62.9,2,56.0,0.76,no,30000.0
1686,Norte,55.5,1,29.0,24.76,no,30000.0
1687,Sur,168.3,3,30.0,21.99,si,225900.0
1688,Sur,106.8,4,32.0,18.97,no,118200.0
1689,Sur,87.3,4,17.0,5.15,no,132500.0
1690,Norte,100.4,4,35.0,2.7,no,167700.0
1691,Sur,58.3,1,57.0,6.03,si,30000.0
1692,Periferia,159.8,3,22.0,23.57,no,171800.0
1693,Norte,96.2,2,46.0,20.77,si,30000.0
1694,Sur,157.9,3,46.0,14.03,no,159100.0
1695,Sur,111.8,3,51.0,24.28,si,46200.0
1696,Sur,160.0,5,43.0,5.37,si,217600.0
1697,Centro,119.0,2,55.0,1.78,no,157900.0
1698,Sur,139.9,5,42.0,6.21,no,152800.0
1699,Periferia,135.2,4,58.0,9.05,si,106900.0
1700,Sur,131.8,3,42.0,23.62,no,96200.0
1701,Periferia,122.2,3,50.0,21.97,no,30000.0
1702,Periferia,101.9,1,53.0,4.34,no,60700.0
1703,Norte,177.0,5,59.0,7.74,no,221700.0
1704,Sur,,2,35.0,15.67,si,43700.0
1705,Norte,110.2,3,42.0,3.41,si,162400.0
1706,Periferia,110.5,3,58.0,14.65,no,30000.0
1707,Centro,124.1,4,22.0,1.65,si,388400.0
1708,Norte,95.0,3,7.0,8.69,no,166200.0
1709,Periferia,121.0,4,,8.74,no,49000.0
1710,Norte,104.1,4,37.0,7.27,no,153300.0
1711,Sur,54.6,1,25.0,23.52,si,30000.0
1712,Norte,110.3,3,,10.94,no,95300.0
1713,Periferia,71.5,2,1.0,15.46,no,75300.0
1714,Periferia,49.3,1,28.0,8.94,si,33700.0
1715,Norte,114.8,4,15.0,18.16,si,201700.0
1716,Sur,127.1,3,17.0,4.33,si,222100.0
1717,Norte,128.4,4,58.0,3.65,si,135800.0
1718,Sur,,4,33.0,19.12,no,133600.0
1719,Sur,42.4,1,,18.71,no,30000.0
1720,Periferia,62.4,2,21.0,8.1,si,57700.0
1721,Centro,179.1,5,14.0,2.69,no,477500.0
1722,Norte,73.3,1,54.0,24.02,si,30000.0
1723,Sur,131.4,4,17.0,4.4,si,252600.0
1724,Sur,86.0,3,21.0,6.21,si,147700.0
1725,Norte,112.8,4,20.0,11.89,no,182800.0
1726,Centro,87.8,2,10.0,2.64,no,204400.0
1727,Norte,129.7,5,46.0,16.93,no,133700.0
1728,Periferia,114.8,3,34.0,17.88,no,116600.0
1729,Centro,94.3,2,26.0,2.87,si,210600.0
1730,Norte,73.2,1,23.0,16.06,no,54000.0
1731,Periferia,119.4,2,40.0,11.97,si,98400.0
1732,Centro,67.6,3,5.0,0.19,si,250000.0
1733,Sur,,5,55.0,2.97,no,108600.0
1734,Norte,201.9,6,33.0,9.2,si,426500.0
1735,Periferia,157.3,4,13.0,17.74,si,205500.0
1736,Sur,135.1,5,32.0,9.58,si,211800.0
1737,Periferia,107.0,3,51.0,3.81,si,89400.0
1738,Norte,42.1,1,10.0,9.94,no,48700.0
1739,Sur,63.7,3,31.0,18.36,si,60400.0
1740,Sur,154.9,5,35.0,4.81,no,248900.0
1741,Norte,82.4,4,48.0,18.67,no,41600.0
1742,Norte,85.5,3,34.0,19.84,no,77000.0
1743,Centro,104.2,3,44.0,0.41,si,212500.0
1744,Periferia,72.8,2,,7.62,no,30000.0
1745,Sur,67.1,1,53.0,20.52,si,30000.0
1746,Sur,108.2,3,21.0,6.93,si,199700.0
1747,Sur,78.8,3,42.0,22.83,no,30000.0
1748,Sur,,3,14.0,18.25,si,111100.0
1749,Norte,82.7,2,50.0,3.26,no,38600.0
1750,Norte,128.3,3,57.0,20.38,si,70600.0
1751,Sur,101.9,3,17.0,13.65,no,123000.0
1752,Norte,103.7,4,33.0,12.41,no,146300.0
1753,Periferia,130.9,4,,11.67,no,66000.0
1754,Periferia,105.0,3,1.0,15.95,si,139100.0
1755,Norte,100.3,2,42.0,18.67,si,76900.0
1756,Sur,126.5,4,49.0,22.61,no,69300.0
1757,Centro,133.4,1,52.0,0.55,no,228000.0
1758,Periferia,104.9,3,11.0,16.51,si,116000.0
1759,Periferia,112.8,5,45.0,17.79,si,84400.0
1760,Periferia,82.6,1,47.0,17.52,no,30000.0
1761,Norte,79.9,2,0.0,13.34,no,122000.0
1762,Centro,136.9,4,42.0,0.64,no,332700.0
1763,Norte,125.6,3,37.0,19.53,no,137300.0
1764,Centro,125.9,4,58.0,2.56,si,162700.0
1765,Centro,119.8,4,2.0,1.79,si,396600.0
1766,Centro,111.6,3,57.0,0.2,no,139400.0
1767,Periferia,134.4,4,34.0,8.16,no,120600.0
1768,Centro,142.7,4,16.0,0.27,si,428500.0
1769,Centro,141.9,7,23.0,1.22,no,394700.0
1770,Periferia,106.5,3,45.0,17.99,si,30000.0
1771,Sur,158.5,5,59.0,24.38,si,92700.0
1772,Sur,118.0,2,19.0,12.46,no,145400.0
1773,Sur,132.1,3,59.0,5.38,si,113400.0
1774,Periferia,119.9,4,37.0,20.82,si,107800.0
1775,Sur,118.6,2,11.0,8.01,no,181700.0
1776,Sur,84.2,1,35.0,24.9,si,30000.0
1777,Sur,134.5,4,48.0,14.96,si,134000.0
1778,Norte,209.6,7,3.0,7.35,no,501600.0
1779,Norte,96.9,3,4.0,13.41,si,192000.0
1780,Norte,112.5,3,0.0,9.71,no,222400.0
1781,Centro,94.4,1,34.0,1.47,si,182200.0
1782,Sur,92.9,3,3.0,4.43,si,190000.0
1783,Norte,164.1,5,55.0,21.71,no,175300.0
1784,Centro,86.4,1,7.0,1.9,si,247200.0
1785,Norte,93.4,4,4.0,21.81,no,130200.0
1786,Periferia,54.4,2,15.0,22.58,no,30000.0
1787,Norte,83.5,3,45.0,7.28,no,53600.0
1788,Sur,50.2,2,54.0,13.98,si,30000.0
1789,Periferia,132.1,4,15.0,21.55,si,162600.0
1790,Centro,208.0,6,31.0,2.33,no,534500.0
1791,Sur,97.2,3,46.0,3.39,no,100900.0
1792,Norte,51.7,1,47.0,8.71,no,30000.0
1793,Norte,141.5,3,9.0,7.56,no,272800.0
1794,Sur,84.6,2,50.0,22.01,si,30000.0
1795,Periferia,155.5,4,52.0,12.67,si,114400.0
1796,Norte,100.1,3,44.0,17.72,no,54500.0
1797,Sur,87.9,3,31.0,24.13,no,74600.0
1798,Norte,103.8,4,23.0,8.88,si,233900.0
1799,Sur,136.5,5,53.0,19.51,no,95800.0
1800,Sur,102.0,2,51.0,2.52,no,73800.0
1801,Sur,92.6,3,31.0,4.39,si,114900.0
1802,Sur,103.0,2,44.0,5.72,si,102100.0
1803,Centro,65.5,2,23.0,2.7,no,126600.0
1804,Sur,123.9,4,44.0,11.27,no,137300.0
1805,Sur,47.5,1,5.0,12.97,no,30000.0
1806,Sur,94.5,5,54.0,7.64,si,66300.0
1807,Centro,136.6,4,30.0,0.72,no,336300.0
1808,Norte,120.6,3,35.0,17.58,no,139200.0
1809,Norte,130.7,5,11.0,2.54,no,324000.0
1810,Centro,107.7,3,31.0,1.33,si,288800.0
1811,Norte,150.9,4,0.0,23.37,si,280700.0
1812,Norte,142.4,4,53.0,18.34,no,124200.0
1813,Sur,125.6,5,44.0,15.71,si,116500.0
1814,Norte,142.5,4,27.0,17.11,si,249200.0
1815,Periferia,136.3,4,50.0,17.0,no,93300.0
1816,Sur,94.6,4,48.0,23.43,si,35600.0
1817,Sur,63.0,2,7.0,24.18,no,30000.0
1818,Norte,124.7,4,3.0,11.81,no,239200.0
1819,Norte,129.1,5,15.0,16.19,no,250500.0
1820,Sur,148.2,6,0.0,20.46,si,222600.0
1821,Periferia,77.2,2,34.0,2.02,no,62400.0
1822,Norte,78.3,2,31.0,14.12,no,71800.0
1823,Sur,126.1,4,32.0,17.02,no,129600.0
1824,Sur,107.5,4,4.0,18.5,si,135700.0
1825,Sur,44.0,1,55.0,10.48,si,30000.0
1826,Centro,,3,58.0,1.32,no,126300.0
1827,Sur,45.2,1,35.0,6.19,si,30000.0
1828,Norte,76.9,1,0.0,14.83,no,87100.0
1829,Periferia,157.3,4,23.0,23.14,si,170900.0
1830,Norte,173.9,5,43.0,22.61,si,235500.0
1831,Norte,67.5,3,44.0,10.28,no,30000.0
1832,Periferia,98.5,3,14.0,7.93,no,121600.0
1833,Norte,111.5,2,49.0,20.14,no,54600.0
1834,Centro,172.3,4,58.0,0.42,no,288900.0
1835,Norte,92.7,4,30.0,13.62,no,152000.0
1836,Centro,93.3,4,22.0,2.43,no,211100.0
1837,Centro,164.2,5,31.0,2.88,si,400500.0
1838,Norte,96.9,2,1.0,20.06,si,179400.0
1839,Sur,135.3,5,31.0,16.2,si,188200.0
1840,Sur,58.3,1,1.0,10.67,no,61900.0
1841,Centro,,3,2.0,2.8,si,311000.0
1842,Sur,51.9,3,33.0,17.17,no,30000.0
1843,Centro,73.1,2,30.0,0.35,si,199700.0
1844,Periferia,139.4,3,59.0,12.91,no,38300.0
1845,Centro,,3,30.0,2.3,no,254400.0
1846,Sur,98.8,2,58.0,23.56,no,30000.0
1847,Norte,83.8,1,48.0,24.08,no,30000.0
1848,Sur,102.3,3,20.0,24.1,si,137700.0
1849,Norte,120.5,4,55.0,20.83,no,50600.0
1850,Sur,144.4,4,28.0,12.64,si,187900.0
1851,Norte,35.0,1,35.0,6.84,no,30000.0
1852,Periferia,80.9,2,6.0,10.82,si,82900.0
1853,Sur,115.6,3,12.0,23.58,si,150700.0
1854,Sur,106.5,3,31.0,10.36,si,129900.0
1855,Periferia,124.1,3,16.0,19.4,no,118200.0
1856,Periferia,119.4,5,35.0,23.23,no,102400.0
1857,Norte,99.3,3,4.0,24.32,si,158500.0
1858,Norte,91.6,3,15.0,23.8,si,136400.0
1859,Norte,101.4,4,39.0,14.77,si,111000.0
1860,Norte,150.2,5,36.0,13.31,no,234100.0
1861,Sur,84.4,2,59.0,24.72,no,30000.0
1862,Periferia,107.8,3,53.0,7.02,si,58600.0
1863,Periferia,116.4,3,48.0,6.31,no,78200.0
1864,Sur,164.6,5,0.0,24.15,no,261600.0
1865,Sur,99.5,3,36.0,17.85,no,65500.0
1866,Periferia,143.6,4,13.0,14.33,no,141800.0
1867,Periferia,153.1,3,16.0,5.04,no,227400.0
1868,Norte,107.8,3,12.0,13.8,no,187800.0
1869,Sur,102.6,3,27.0,23.72,si,97400.0
1870,Periferia,98.5,1,7.0,15.87,si,96500.0
1871,Norte,101.0,3,31.0,11.31,si,140600.0
1872,Norte,139.9,5,9.0,14.68,si,321600.0
1873,Periferia,118.1,5,,22.38,si,116000.0
1874,Periferia,,3,37.0,23.0,no,45200.0
1875,Periferia,70.6,2,10.0,11.2,no,71600.0
1876,Sur,76.1,1,6.0,15.99,si,103600.0
1877,Norte,185.0,5,48.0,8.42,si,305100.0
1878,Norte,103.8,3,44.0,12.37,no,71800.0
1879,Sur,82.9,2,15.0,7.06,no,96700.0
1880,Sur,160.1,4,53.0,14.22,si,132500.0
1881,Sur,119.9,2,13.0,15.3,no,171700.0
1882,Sur,130.2,4,55.0,9.77,si,99800.0
1883,Norte,105.2,2,6.0,8.26,si,190300.0
1884,Sur,98.8,3,39.0,5.47,no,107300.0
1885,Norte,104.1,2,,5.21,no,213300.0
1886,Norte,61.6,1,11.0,18.36,si,58200.0
1887,Centro,106.9,3,24.0,2.25,no,243500.0
1888,Centro,120.4,3,5.0,0.84,no,330600.0
1889,Periferia,174.8,5,27.0,24.97,si,213100.0
1890,Norte,113.0,4,13.0,7.98,no,230800.0
1891,Norte,35.0,2,5.0,22.61,si,30000.0
1892,Sur,,4,57.0,16.01,no,30000.0
1893,Sur,205.9,7,58.0,18.45,si,219500.0
1894,Centro,140.3,4,57.0,0.42,si,240200.0
1895,Norte,81.6,2,9.0,6.16,si,169800.0
1896,Centro,130.7,5,22.0,1.28,no,379600.0
1897,Sur,84.0,3,19.0,21.04,si,110000.0
1898,Norte,62.6,2,19.0,10.04,no,58100.0
1899,Centro,97.8,2,24.0,1.39,si,255300.0
1900,Centro,113.2,3,30.0,2.92,no,260800.0
1901,Sur,44.5,1,29.0,22.91,no,30000.0
1902,Centro,69.8,3,17.0,2.62,si,228100.0
1903,Periferia,,3,58.0,2.94,no,38700.0
1904,Centro,95.7,4,58.0,1.47,no,101700.0
1905,Sur,123.8,5,19.0,24.28,no,150100.0
1906,Norte,67.5,3,13.0,19.07,si,109400.0
1907,Norte,135.0,5,31.0,4.76,no,274800.0
1908,Centro,68.6,1,22.0,0.35,no,153500.0
1909,Periferia,167.5,5,59.0,16.89,si,118400.0
1910,Periferia,49.9,1,25.0,9.79,no,31900.0
1911,Centro,71.8,1,2.0,0.1,si,243100.0
1912,Centro,124.6,3,7.0,1.35,no,343900.0
1913,Periferia,168.2,6,4.0,21.62,no,187600.0
1914,Sur,121.0,4,22.0,17.41,no,158600.0
1915,Centro,129.7,5,18.0,0.9,si,402900.0
1916,Norte,110.6,3,51.0,24.43,si,31600.0
1917,Sur,74.1,4,53.0,15.13,si,30000.0
1918,Sur,92.8,3,8.0,13.89,no,121400.0
1919,Sur,67.6,2,56.0,11.28,si,30000.0
1920,Periferia,65.2,1,35.0,5.14,si,48100.0
1921,Norte,124.1,4,18.0,17.78,si,197800.0
1922,Norte,70.7,2,24.0,11.91,no,95100.0
1923,Norte,121.2,3,26.0,23.5,si,171200.0
1924,Norte,64.4,3,10.0,24.2,no,37400.0
1925,Norte,120.4,4,52.0,19.66,si,49600.0
1926,Centro,92.9,4,0.0,2.17,si,310700.0
1927,Norte,159.2,4,4.0,18.47,si,322700.0
1928,Sur,121.3,3,16.0,2.47,si,227900.0
1929,Centro,153.3,4,8.0,2.48,no,431500.0
1930,Norte,83.6,3,3.0,13.35,si,170600.0
1931,Sur,,4,23.0,23.55,si,134900.0
1932,Sur,75.7,2,22.0,10.69,si,87400.0
1933,Sur,95.5,4,7.0,8.05,si,162300.0
1934,Periferia,100.8,4,48.0,24.89,si,37900.0
1935,Sur,84.6,2,52.0,14.21,si,30000.0
1936,Centro,67.5,3,43.0,1.39,si,114000.0
1937,Norte,60.5,3,31.0,22.95,no,30000.0
1938,Sur,35.0,3,56.0,13.92,no,30000.0
1939,Norte,73.0,3,21.0,12.48,no,100600.0
1940,Centro,132.0,4,25.0,1.08,si,408300.0
1941,Norte,54.1,1,0.0,21.5,no,48800.0
1942,Norte,62.1,2,42.0,24.19,no,30000.0
1943,Norte,172.7,6,5.0,9.55,no,366100.0
1944,Centro,87.7,3,39.0,1.09,si,224700.0
1945,Periferia,121.2,4,46.0,8.56,no,91000.0
1946,Periferia,132.5,4,13.0,16.05,no,150300.0
1947,Norte,133.2,4,36.0,20.51,no,131500.0
1948,Periferia,56.7,1,18.0,22.39,no,30000.0
1949,Centro,101.9,3,23.0,1.23,no,245800.0
1950,Periferia,53.4,3,31.0,10.5,no,30000.0
1951,Periferia,195.6,5,,7.83,si,268200.0
1952,Centro,54.2,2,47.0,0.27,si,96600.0
1953,Sur,73.3,1,23.0,10.39,no,70300.0
1954,Periferia,73.6,3,27.0,22.06,si,78900.0
1955,Periferia,57.6,3,48.0,11.63,si,30000.0
1956,Periferia,157.3,6,13.0,9.3,si,257300.0
1957,Sur,194.8,6,27.0,19.0,si,265800.0
1958,Centro,93.3,3,59.0,1.91,si,78800.0
1959,Periferia,63.8,2,23.0,7.89,no,43200.0
1960,Sur,35.0,1,6.0,23.53,si,30000.0
1961,Sur,101.5,3,17.0,3.88,no,156600.0
1962,Norte,98.9,3,57.0,11.54,si,30000.0
1963,Sur,87.2,3,45.0,15.27,no,30000.0
1964,Centro,117.7,4,48.0,1.43,no,197300.0
1965,Sur,123.8,3,15.0,8.46,no,185700.0
1966,Centro,121.3,3,50.0,0.59,si,245300.0
1967,Sur,98.9,4,23.0,9.94,si,152300.0
1968,Periferia,71.4,4,47.0,22.67,no,30000.0
1969,Norte,133.3,3,52.0,11.93,no,89700.0
1970,Sur,110.4,2,12.0,11.61,si,154700.0
1971,Norte,141.1,3,56.0,10.89,no,121600.0
1972,Periferia,137.7,4,37.0,24.17,no,108700.0
1973,Sur,60.2,2,43.0,4.7,si,30000.0
1974,Norte,59.8,2,45.0,22.05,no,30000.0
1975,Centro,83.6,3,10.0,2.03,si,246800.0
1976,Norte,73.0,3,44.0,24.0,si,30000.0
1977,Norte,136.4,3,12.0,9.25,no,270200.0
1978,Periferia,122.3,3,16.0,3.91,no,167700.0
1979,Sur,148.5,4,6.0,13.96,no,215500.0
1980,Norte,123.9,2,10.0,7.24,no,229300.0
1981,Periferia,117.3,2,58.0,19.32,no,30000.0
1982,Norte,152.0,3,19.0,17.12,si,269000.0
1983,Periferia,126.4,4,23.0,17.79,si,158900.0
1984,Norte,112.4,3,28.0,6.45,si,216200.0
1985,Sur,161.8,5,42.0,18.3,no,186400.0
1986,Periferia,114.0,2,,9.16,no,106700.0
1987,Norte,99.3,2,32.0,24.97,no,60600.0
1988,Sur,80.7,3,50.0,18.83,si,30000.0
1989,Periferia,134.6,2,,15.58,si,121300.0
1990,Centro,153.3,5,46.0,1.58,no,306700.0
1991,Centro,108.2,2,54.0,1.27,no,109200.0
1992,Sur,155.8,5,40.0,14.71,si,209200.0
1993,Norte,41.0,1,2.0,7.46,no,64500.0
1994,Centro,108.1,4,15.0,0.39,no,358100.0
1995,Norte,108.6,6,37.0,10.62,no,152100.0
1996,Sur,84.6,1,28.0,2.99,si,144800.0
1997,Norte,193.4,6,17.0,20.77,no,391300.0
1998,Norte,107.7,2,20.0,3.19,si,229900.0
1999,Periferia,95.7,3,4.0,17.46,si,117100.0
2000,Sur,110.9,3,14.0,5.6,no,193900.0
