id,neighborhood,sqm,rooms,age,distance_center_km,has_garage,price
1,South,74.1,1,22.0,24.31,yes,41500.0
2,North,141.8,3,8.0,9.23,no,285500.0
3,Outskirts,67.9,3,32.0,13.96,yes,49700.0
4,South,100.0,2,33.0,13.05,no,77900.0
5,Downtown,89.5,2,44.0,0.19,no,133400.0
6,Outskirts,115.8,4,11.0,18.8,no,102200.0
7,South,87.6,4,32.0,18.77,yes,127300.0
8,South,100.5,3,50.0,6.63,no,81600.0
9,Downtown,101.7,3,16.0,1.7,no,291600.0
10,North,84.3,2,50.0,20.66,yes,30000.0
11,North,127.0,3,43.0,10.78,yes,168100.0
12,Outskirts,118.3,3,25.0,24.64,yes,94700.0
13,South,106.9,2,52.0,10.39,no,30000.0
14,Outskirts,94.9,2,58.0,13.45,yes,30000.0
15,North,137.9,3,14.0,12.91,yes,288300.0
16,North,101.7,2,58.0,11.97,no,30000.0
17,South,99.3,3,0.0,21.45,no,97800.0
18,Downtown,113.7,3,7.0,1.15,yes,342200.0
19,Outskirts,169.4,6,2.0,15.06,yes,252500.0
20,South,63.1,1,22.0,16.23,yes,35900.0
21,South,136.9,4,56.0,21.58,no,58700.0
22,North,43.7,1,36.0,16.01,no,30000.0
23,Outskirts,117.6,3,36.0,24.08,no,76700.0
24,Outskirts,165.1,5,5.0,22.06,no,202700.0
25,South,127.1,4,30.0,10.02,yes,171000.0
26,Downtown,116.0,4,22.0,0.87,no,310700.0
27,North,90.4,2,28.0,24.04,yes,69100.0
28,Downtown,111.1,3,15.0,0.95,yes,309500.0
29,Downtown,101.2,2,,1.38,yes,291800.0
30,South,82.5,2,57.0,8.48,yes,30000.0
31,South,99.9,2,33.0,16.94,no,52100.0
32,Outskirts,116.9,2,24.0,4.15,yes,158800.0
33,North,83.1,3,4.0,18.89,yes,148100.0
34,North,81.8,3,45.0,11.66,yes,30000.0
35,North,62.4,1,28.0,15.51,no,30000.0
36,Downtown,123.7,4,23.0,0.93,no,359600.0
37,Downtown,129.1,3,40.0,2.03,no,264300.0
38,North,118.1,3,,13.41,no,182000.0
39,North,143.8,4,31.0,16.38,no,228100.0
40,South,113.1,4,51.0,9.26,no,63300.0
41,North,123.7,3,27.0,5.35,yes,256900.0
42,Outskirts,120.6,4,0.0,12.01,yes,155800.0
43,South,106.8,3,13.0,23.71,yes,128400.0
44,North,91.4,2,3.0,7.24,no,163300.0
45,Outskirts,187.5,4,30.0,17.54,yes,217600.0
46,Outskirts,94.2,3,21.0,3.15,yes,130100.0
47,North,86.7,3,7.0,18.52,no,119600.0
48,North,125.2,4,41.0,7.48,yes,181200.0
49,South,118.8,5,10.0,12.38,yes,206500.0
50,Downtown,60.8,3,20.0,2.18,yes,179000.0
51,Downtown,149.3,4,59.0,1.8,no,184300.0
52,Downtown,106.7,3,3.0,1.68,yes,338800.0
53,South,71.1,2,14.0,10.05,yes,94600.0
54,South,151.6,4,19.0,14.01,yes,233900.0
55,South,131.9,5,30.0,24.36,no,152500.0
56,South,65.7,2,14.0,12.81,yes,83700.0
57,North,172.2,5,58.0,23.03,yes,182900.0
58,South,133.1,4,0.0,12.62,no,198200.0
59,Downtown,109.6,5,56.0,2.86,no,143600.0
60,Downtown,165.7,5,32.0,0.58,yes,457800.0
61,South,115.6,3,2.0,11.37,yes,192300.0
62,North,109.0,4,6.0,9.48,yes,244700.0
63,South,86.9,3,6.0,21.91,no,107200.0
64,South,130.4,3,17.0,17.61,yes,190700.0
65,South,126.7,4,19.0,15.3,no,162300.0
66,South,110.5,3,38.0,13.3,no,85600.0
67,South,82.4,3,18.0,11.14,no,98700.0
68,North,114.5,2,43.0,16.08,yes,98000.0
69,Downtown,107.6,2,17.0,0.59,no,274800.0
70,North,63.3,1,15.0,5.74,no,65000.0
71,North,58.5,1,16.0,8.97,no,44300.0
72,North,129.8,3,19.0,5.94,yes,305100.0
73,Outskirts,35.0,2,50.0,17.57,no,30000.0
74,North,117.2,3,14.0,2.57,no,288200.0
75,Downtown,93.3,3,16.0,1.95,no,252900.0
76,North,155.8,3,57.0,22.76,no,94200.0
77,North,92.7,2,39.0,24.94,no,30000.0
78,South,,4,11.0,13.21,yes,212100.0
79,South,96.1,3,52.0,13.39,no,47700.0
80,South,114.0,3,10.0,19.79,no,161000.0
81,South,135.8,4,9.0,2.83,no,250100.0
82,North,93.8,4,26.0,11.82,yes,144700.0
83,Outskirts,144.9,4,41.0,4.3,yes,155800.0
84,Downtown,,2,11.0,2.07,no,182200.0
85,Downtown,120.3,3,45.0,1.07,no,240000.0
86,Downtown,142.3,4,9.0,0.2,yes,476100.0
87,South,133.1,4,46.0,24.66,yes,104200.0
88,North,177.1,5,5.0,19.16,no,335800.0
89,Downtown,83.3,1,27.0,0.97,no,205300.0
90,South,61.7,1,38.0,19.35,yes,30000.0
91,Downtown,75.2,2,15.0,1.98,yes,214900.0
92,South,133.1,4,36.0,12.67,yes,173100.0
93,North,127.4,3,41.0,8.73,yes,174000.0
94,North,113.6,3,39.0,13.96,no,112300.0
95,North,70.7,2,23.0,7.95,no,84800.0
96,South,136.8,5,46.0,13.19,no,150800.0
97,North,67.1,2,43.0,5.36,no,62500.0
98,Downtown,150.6,5,19.0,0.39,yes,463800.0
99,Downtown,210.0,6,44.0,2.65,yes,493000.0
100,Outskirts,122.8,4,55.0,8.75,yes,67700.0
101,Outskirts,130.4,4,49.0,13.48,yes,95200.0
102,South,92.7,3,43.0,5.74,no,68300.0
103,North,46.6,2,45.0,24.13,yes,30000.0
104,Outskirts,88.9,3,48.0,12.28,no,30000.0
105,South,71.7,2,17.0,10.1,yes,88200.0
106,South,59.4,2,43.0,2.67,yes,42000.0
107,North,170.3,6,11.0,21.39,yes,341600.0
108,North,,3,21.0,16.39,no,177100.0
109,Downtown,,3,56.0,0.12,no,177600.0
110,Outskirts,99.2,3,16.0,7.65,no,131300.0
111,North,103.9,3,50.0,19.14,yes,30000.0
112,North,143.8,3,25.0,23.75,no,225200.0
113,North,108.9,3,12.0,10.76,no,198000.0
114,South,128.6,4,5.0,5.1,yes,248300.0
115,Downtown,103.1,1,32.0,1.8,yes,238000.0
116,Outskirts,98.0,3,,2.15,yes,129400.0
117,South,60.8,2,30.0,19.11,yes,30000.0
118,South,40.8,1,2.0,24.57,no,30000.0
119,North,100.8,4,16.0,24.83,yes,150900.0
120,South,112.0,2,,20.04,no,140000.0
121,South,65.0,1,18.0,5.73,no,66000.0
122,South,108.8,1,55.0,24.49,yes,30000.0
123,Downtown,111.9,3,9.0,0.59,no,290900.0
124,North,35.0,1,41.0,9.67,yes,30000.0
125,Downtown,78.0,2,0.0,0.41,no,254000.0
126,North,124.3,4,33.0,3.13,yes,252700.0
127,North,123.5,4,55.0,20.99,yes,60000.0
128,Downtown,69.6,2,20.0,0.08,yes,217200.0
129,Downtown,115.5,3,11.0,0.96,no,280600.0
130,South,145.8,5,34.0,19.98,no,149800.0
131,Downtown,137.2,4,16.0,2.97,no,376400.0
132,Outskirts,106.7,2,53.0,3.52,yes,59100.0
133,South,93.6,1,50.0,20.23,no,30000.0
134,North,88.0,2,39.0,15.73,yes,34700.0
135,South,126.4,4,38.0,22.91,no,80400.0
136,Downtown,116.8,5,36.0,1.82,no,287700.0
137,Outskirts,132.0,4,44.0,9.02,no,121500.0
138,North,114.6,3,27.0,10.3,yes,181400.0
139,South,138.7,3,58.0,17.72,no,43600.0
140,Downtown,,4,20.0,1.45,no,307600.0
141,North,137.5,3,,24.1,yes,221900.0
142,North,140.5,4,41.0,8.79,no,174900.0
143,Outskirts,81.8,3,39.0,13.35,yes,46800.0
144,South,46.7,2,58.0,2.67,no,30000.0
145,North,164.0,5,23.0,7.82,no,339900.0
146,North,119.0,4,25.0,10.6,no,217300.0
147,North,50.0,2,33.0,15.66,no,30000.0
148,South,85.0,2,23.0,12.83,yes,99100.0
149,North,137.0,5,47.0,10.38,no,168900.0
150,Downtown,100.2,3,25.0,2.36,yes,260400.0
151,Outskirts,92.1,3,47.0,21.06,no,30000.0
152,Outskirts,159.0,3,25.0,7.56,no,183000.0
153,Downtown,73.3,3,13.0,1.54,no,160800.0
154,South,82.1,4,59.0,18.21,yes,30000.0
155,Downtown,117.4,3,31.0,1.83,yes,296500.0
156,South,123.7,4,42.0,20.98,no,69700.0
157,North,127.4,4,35.0,6.81,yes,237900.0
158,South,141.9,4,21.0,14.4,yes,203800.0
159,South,117.0,4,58.0,22.7,yes,30000.0
160,South,127.1,3,22.0,11.01,no,158400.0
161,Downtown,100.9,2,59.0,0.15,yes,124700.0
162,Outskirts,112.2,4,25.0,24.65,no,79500.0
163,North,113.8,4,1.0,4.6,no,240600.0
164,Downtown,117.5,3,2.0,1.64,no,345100.0
165,South,137.0,3,58.0,21.55,yes,53900.0
166,North,129.4,3,31.0,5.47,yes,244100.0
167,Outskirts,111.5,4,23.0,18.43,yes,130200.0
168,Outskirts,81.7,2,48.0,12.8,no,30000.0
169,North,112.4,3,37.0,21.62,no,93800.0
170,Outskirts,109.0,4,39.0,22.87,yes,78200.0
171,North,116.8,3,41.0,22.07,yes,90500.0
172,South,187.2,6,11.0,3.48,yes,363900.0
173,North,91.7,2,5.0,19.41,yes,131200.0
174,Outskirts,124.8,3,43.0,23.2,no,77000.0
175,Downtown,147.4,3,1.0,0.72,yes,452100.0
176,Downtown,113.4,4,43.0,2.13,yes,242200.0
177,North,191.8,5,,3.04,yes,443500.0
178,Outskirts,96.8,3,15.0,21.69,yes,94000.0
179,Outskirts,121.3,3,42.0,3.07,yes,115300.0
180,South,82.0,2,37.0,9.21,yes,70800.0
181,Outskirts,97.7,2,46.0,23.29,yes,30000.0
182,Outskirts,118.7,4,36.0,23.84,yes,70000.0
183,South,139.6,4,2.0,24.81,no,199200.0
184,North,121.2,3,50.0,12.96,no,97300.0
185,South,154.1,5,12.0,6.08,yes,276100.0
186,South,106.7,3,8.0,13.22,no,131200.0
187,North,98.4,6,52.0,4.35,yes,110400.0
188,Downtown,204.6,6,11.0,2.39,no,574900.0
189,South,,3,32.0,14.89,no,125000.0
190,North,84.8,4,29.0,11.3,yes,159200.0
191,Outskirts,85.7,1,46.0,3.83,yes,50200.0
192,North,77.0,2,2.0,11.32,no,121600.0
193,Downtown,142.8,6,6.0,0.8,yes,444000.0
194,Outskirts,97.2,3,24.0,18.18,yes,86200.0
195,Downtown,114.5,2,28.0,0.43,no,284600.0
196,Downtown,107.8,3,47.0,1.94,no,159900.0
197,South,135.6,5,36.0,11.02,no,160400.0
198,Outskirts,80.4,3,8.0,4.33,no,117300.0
199,Downtown,72.4,1,58.0,0.24,no,33400.0
200,North,117.9,3,27.0,17.0,no,163300.0
201,South,131.0,3,57.0,4.18,no,110400.0
202,Outskirts,121.6,4,59.0,20.13,no,30000.0
203,South,81.7,3,3.0,10.47,no,129600.0
204,Downtown,133.7,5,30.0,2.64,no,318800.0
205,Downtown,84.0,3,25.0,1.43,no,204200.0
206,North,,2,29.0,2.31,no,159600.0
207,Downtown,77.0,1,18.0,1.36,no,192600.0
208,South,155.5,5,33.0,21.41,yes,208800.0
209,Downtown,132.2,3,29.0,2.36,no,308200.0
210,South,131.2,4,11.0,9.88,yes,233000.0
211,South,,5,17.0,16.78,yes,229700.0
212,South,208.4,5,8.0,7.22,yes,385800.0
213,Downtown,50.2,1,50.0,0.84,no,30000.0
214,Outskirts,84.2,2,40.0,7.84,no,55900.0
215,South,88.4,3,23.0,15.14,yes,107200.0
216,South,,3,23.0,5.95,yes,134500.0
217,Downtown,72.3,3,4.0,0.52,yes,241200.0
218,Downtown,99.5,3,17.0,2.61,yes,280600.0
219,Outskirts,67.4,1,55.0,9.75,yes,30000.0
220,North,121.7,3,1.0,19.86,no,177600.0
221,North,111.8,3,8.0,4.2,yes,269700.0
222,North,126.8,4,50.0,19.03,yes,94400.0
223,South,127.8,4,31.0,8.5,yes,178700.0
224,Outskirts,131.1,2,1.0,5.12,no,177200.0
225,North,96.9,2,29.0,17.6,no,86100.0
226,Outskirts,184.2,6,44.0,12.81,yes,204000.0
227,Downtown,118.2,3,20.0,1.05,yes,339800.0
228,South,,1,22.0,13.97,no,30000.0
229,South,74.9,4,37.0,3.37,yes,110900.0
230,Downtown,49.1,1,35.0,0.83,no,55200.0
231,Downtown,110.6,3,54.0,1.28,no,172900.0
232,North,105.7,3,14.0,16.35,no,162700.0
233,Outskirts,93.6,2,16.0,3.09,no,106500.0
234,South,180.4,5,9.0,10.7,yes,296000.0
235,Outskirts,,5,39.0,16.1,yes,140800.0
236,Outskirts,135.4,5,32.0,17.1,yes,140700.0
237,North,77.4,3,,21.05,yes,76600.0
238,South,75.0,3,41.0,11.68,yes,59100.0
239,Downtown,111.3,2,22.0,1.46,no,267100.0
240,Downtown,116.1,4,11.0,0.4,no,361300.0
241,Outskirts,45.0,1,32.0,9.18,yes,30000.0
242,South,103.7,3,26.0,3.24,no,160400.0
243,North,110.5,2,24.0,2.1,yes,276100.0
244,South,102.5,1,26.0,21.23,yes,65200.0
245,South,81.5,3,54.0,6.61,yes,30000.0
246,Outskirts,91.1,2,12.0,16.5,no,77200.0
247,South,103.8,1,16.0,15.27,no,143700.0
248,North,113.2,4,33.0,11.19,no,191900.0
249,North,131.2,5,2.0,21.17,yes,274700.0
250,North,147.8,5,8.0,18.06,yes,286700.0
251,South,99.7,3,33.0,2.52,no,127300.0
252,Outskirts,94.0,3,30.0,19.86,yes,60100.0
253,North,125.3,4,39.0,13.66,yes,167900.0
254,North,131.4,5,6.0,9.98,yes,318000.0
255,North,94.8,2,51.0,18.72,yes,30000.0
256,South,137.7,4,29.0,17.78,no,159800.0
257,Outskirts,144.3,4,9.0,9.14,yes,217100.0
258,Downtown,155.2,5,18.0,2.13,no,398700.0
259,Downtown,172.2,5,13.0,0.42,no,504800.0
260,South,79.7,2,27.0,15.93,yes,55400.0
261,Downtown,110.5,4,28.0,1.97,yes,290700.0
262,Outskirts,110.4,4,26.0,8.42,no,117100.0
263,North,106.6,3,27.0,12.28,no,144700.0
264,Downtown,87.3,4,54.0,2.69,no,77200.0
265,Outskirts,58.0,1,57.0,13.79,yes,30000.0
266,Downtown,113.2,5,29.0,0.55,no,305400.0
267,North,83.1,3,57.0,8.04,no,30000.0
268,Downtown,113.0,6,49.0,0.51,yes,237800.0
269,Downtown,82.2,1,49.0,2.35,no,69400.0
270,Downtown,71.5,1,13.0,2.74,no,160100.0
271,Downtown,118.2,4,26.0,2.78,no,280900.0
272,Downtown,115.3,4,21.0,0.89,yes,331800.0
273,Downtown,130.3,5,5.0,2.52,yes,394300.0
274,South,186.5,5,4.0,18.04,yes,330000.0
275,South,119.7,4,37.0,24.28,no,92300.0
276,North,127.0,5,25.0,15.19,yes,217100.0
277,North,72.3,3,49.0,7.0,yes,51900.0
278,South,65.0,1,40.0,24.97,no,30000.0
279,Outskirts,165.4,6,5.0,6.02,yes,265900.0
280,Outskirts,77.7,3,50.0,9.72,no,30000.0
281,Downtown,73.5,3,29.0,1.05,yes,216600.0
282,Downtown,108.6,3,33.0,1.07,no,238800.0
283,North,106.8,3,57.0,11.63,yes,68600.0
284,North,,2,38.0,13.3,no,30000.0
285,South,99.3,3,1.0,23.34,no,103500.0
286,North,153.0,4,10.0,13.0,yes,337300.0
287,Downtown,81.8,2,25.0,2.37,yes,204800.0
288,North,61.2,1,2.0,22.39,yes,91300.0
289,South,143.0,3,10.0,20.81,no,180600.0
290,Downtown,127.2,4,47.0,0.1,yes,291900.0
291,Outskirts,88.3,3,8.0,2.3,yes,176300.0
292,Downtown,54.6,2,10.0,0.78,yes,163800.0
293,Outskirts,83.9,3,30.0,21.43,no,30000.0
294,Downtown,108.1,3,5.0,0.65,no,306800.0
295,Outskirts,150.8,5,15.0,6.86,yes,236400.0
296,Outskirts,73.7,2,56.0,19.05,no,30000.0
297,Outskirts,107.0,3,37.0,17.4,no,76000.0
298,Outskirts,133.6,4,57.0,15.0,no,61800.0
299,South,35.0,1,21.0,21.86,no,30000.0
300,South,146.2,4,36.0,20.04,yes,183600.0
301,South,,3,14.0,17.36,no,67900.0
302,Downtown,121.6,2,22.0,1.61,no,318100.0
303,South,118.6,4,,17.23,no,168300.0
304,South,148.0,5,49.0,14.08,yes,143700.0
305,Outskirts,129.3,3,11.0,12.67,yes,148800.0
306,North,35.0,1,12.0,18.32,no,30000.0
307,North,82.5,3,27.0,16.04,yes,107300.0
308,South,114.8,3,25.0,13.27,no,138500.0
309,North,103.2,4,18.0,4.91,yes,203800.0
310,Downtown,126.7,3,21.0,1.77,no,320200.0
311,North,137.6,4,17.0,16.86,yes,258900.0
312,North,131.3,3,54.0,9.87,yes,134400.0
313,North,102.5,3,34.0,10.2,yes,177200.0
314,North,45.4,2,55.0,7.67,no,30000.0
315,North,94.1,3,59.0,24.12,no,30000.0
316,North,124.6,3,39.0,21.78,no,91900.0
317,North,71.8,1,,14.9,no,30000.0
318,South,132.1,4,6.0,11.24,no,190900.0
319,North,141.8,6,56.0,18.95,no,126200.0
320,Outskirts,114.4,4,28.0,14.14,no,132800.0
321,Outskirts,35.0,1,42.0,24.44,no,30000.0
322,North,65.3,2,14.0,3.27,no,138300.0
323,North,176.0,5,5.0,2.79,yes,455800.0
324,South,90.9,2,53.0,15.08,no,30000.0
325,Outskirts,40.6,1,26.0,6.68,yes,30000.0
326,South,153.2,6,8.0,15.9,yes,244200.0
327,Outskirts,110.5,1,39.0,19.97,no,30000.0
328,South,148.7,5,3.0,5.18,no,273600.0
329,South,119.7,3,27.0,12.13,yes,166000.0
330,North,126.0,3,42.0,17.84,yes,102600.0
331,South,122.7,5,43.0,21.18,no,89900.0
332,North,134.4,3,27.0,13.42,yes,243100.0
333,South,189.7,5,22.0,6.74,yes,327800.0
334,Outskirts,144.0,4,50.0,15.47,no,95000.0
335,Downtown,54.7,2,11.0,0.4,no,164200.0
336,South,125.6,3,4.0,19.75,no,145100.0
337,Downtown,150.0,3,,1.3,no,411300.0
338,South,152.1,4,48.0,8.43,yes,173300.0
339,Downtown,95.1,4,28.0,1.07,yes,277300.0
340,Outskirts,150.8,4,,13.91,no,201000.0
341,Downtown,,4,10.0,2.75,no,387100.0
342,Outskirts,200.0,6,1.0,14.95,yes,301600.0
343,Outskirts,83.7,2,48.0,23.81,yes,30000.0
344,South,92.2,4,27.0,18.23,yes,81500.0
345,South,99.3,3,4.0,8.87,yes,172300.0
346,South,92.8,2,13.0,18.35,yes,112300.0
347,Outskirts,78.8,3,36.0,8.5,yes,73800.0
348,North,35.0,1,35.0,14.48,no,30000.0
349,South,94.8,2,49.0,14.11,yes,62100.0
350,Downtown,,4,1.0,1.42,no,368000.0
351,South,92.7,3,4.0,10.0,no,129200.0
352,Downtown,177.7,5,2.0,0.72,no,507400.0
353,South,110.5,5,23.0,7.76,no,184000.0
354,South,155.2,5,43.0,20.42,yes,151500.0
355,North,119.1,2,39.0,17.35,yes,165800.0
356,South,138.9,4,12.0,14.25,no,192500.0
357,South,119.8,3,39.0,5.16,yes,181000.0
358,South,157.9,5,39.0,6.71,yes,226600.0
359,North,112.0,3,11.0,6.12,yes,271500.0
360,South,127.4,4,44.0,15.5,no,94700.0
361,Outskirts,122.8,3,25.0,24.39,yes,114100.0
362,Downtown,99.9,3,3.0,1.45,no,297300.0
363,Downtown,124.2,3,23.0,1.72,yes,346600.0
364,Downtown,188.2,5,46.0,0.12,no,453500.0
365,South,100.5,5,41.0,5.62,yes,122300.0
366,North,124.7,3,16.0,24.44,no,178200.0
367,South,154.0,4,45.0,7.42,no,193700.0
368,South,149.9,3,23.0,6.63,yes,229400.0
369,North,110.4,3,,16.28,yes,176600.0
370,Outskirts,35.0,1,5.0,14.79,no,30000.0
371,South,128.1,3,59.0,7.19,no,67600.0
372,North,35.0,2,50.0,17.42,yes,30000.0
373,North,161.4,5,11.0,4.23,yes,376600.0
374,North,115.9,4,33.0,2.45,yes,238800.0
375,Downtown,145.0,3,46.0,1.38,yes,300400.0
376,Downtown,,4,30.0,1.16,yes,215200.0
377,Outskirts,,1,12.0,24.43,yes,44400.0
378,North,119.1,5,58.0,14.59,yes,92700.0
379,North,,4,16.0,19.36,no,172500.0
380,South,92.8,3,20.0,9.39,no,108900.0
381,South,113.0,3,22.0,18.54,no,111200.0
382,Outskirts,206.9,6,53.0,24.22,no,196600.0
383,South,139.2,4,30.0,10.23,no,169400.0
384,North,146.7,4,43.0,24.98,yes,173700.0
385,North,139.5,4,54.0,16.68,no,112100.0
386,Outskirts,161.8,3,55.0,19.22,yes,94100.0
387,South,103.3,4,51.0,7.8,no,48300.0
388,Outskirts,38.1,1,54.0,16.79,no,30000.0
389,Downtown,103.4,3,,0.06,no,128400.0
390,Outskirts,138.4,4,59.0,24.0,yes,36500.0
391,South,76.1,2,38.0,22.81,no,30000.0
392,Downtown,103.8,2,,2.84,yes,288600.0
393,South,85.8,1,6.0,23.78,yes,74500.0
394,South,162.6,5,,22.35,yes,163000.0
395,Downtown,136.2,4,18.0,0.32,yes,427200.0
396,North,132.8,4,48.0,3.89,no,179200.0
397,Outskirts,131.8,3,56.0,5.7,yes,103200.0
398,North,108.7,3,38.0,3.77,yes,168400.0
399,North,116.9,2,45.0,4.48,no,156800.0
400,North,68.5,1,16.0,24.47,no,33200.0
401,North,35.0,1,26.0,6.88,yes,30000.0
402,Outskirts,115.3,4,57.0,17.89,no,30000.0
403,South,121.3,3,,16.64,no,46800.0
404,Downtown,152.3,4,12.0,0.56,no,414000.0
405,Outskirts,,6,56.0,6.75,no,128400.0
406,Outskirts,164.9,5,29.0,15.32,no,194500.0
407,North,75.1,2,50.0,16.39,yes,30000.0
408,Outskirts,97.7,2,31.0,15.12,no,42900.0
409,Downtown,126.8,3,36.0,2.54,yes,273600.0
410,Outskirts,198.6,4,9.0,18.63,no,239300.0
411,South,161.8,5,20.0,3.68,yes,291300.0
412,South,149.2,5,43.0,15.6,yes,168600.0
413,Downtown,96.4,3,50.0,1.64,no,137900.0
414,Outskirts,79.1,2,5.0,7.76,no,110600.0
415,Downtown,137.6,5,4.0,2.09,yes,452100.0
416,North,71.5,1,41.0,6.05,yes,33900.0
417,Downtown,101.7,2,26.0,1.54,yes,247400.0
418,South,106.0,2,,22.34,no,30000.0
419,Downtown,165.8,6,4.0,2.02,yes,500500.0
420,Outskirts,97.6,3,20.0,9.02,yes,134700.0
421,South,35.0,1,2.0,5.16,no,42300.0
422,Downtown,127.7,2,42.0,0.18,yes,312100.0
423,Downtown,85.5,2,51.0,1.06,yes,124500.0
424,Downtown,111.5,3,9.0,1.39,no,327400.0
425,South,107.0,2,19.0,13.75,yes,133600.0
426,Outskirts,100.4,4,50.0,3.97,no,65600.0
427,North,137.7,4,2.0,15.2,no,254200.0
428,Outskirts,56.3,2,57.0,13.71,yes,30000.0
429,Downtown,91.9,2,53.0,2.31,no,93900.0
430,Outskirts,133.9,4,9.0,20.76,no,159600.0
431,Outskirts,88.5,2,8.0,8.03,no,97900.0
432,South,53.7,1,41.0,14.45,no,30000.0
433,South,133.4,4,0.0,16.7,yes,197800.0
434,Outskirts,149.3,3,30.0,24.13,yes,115200.0
435,Downtown,108.4,4,3.0,0.14,no,362300.0
436,North,41.4,1,31.0,23.1,yes,30000.0
437,Downtown,134.7,5,21.0,2.88,yes,377300.0
438,South,51.9,1,42.0,21.72,no,30000.0
439,South,,3,52.0,7.42,yes,104500.0
440,South,78.9,1,29.0,18.27,no,48000.0
441,Outskirts,,2,38.0,4.04,no,53400.0
442,Downtown,94.5,3,36.0,2.84,no,185200.0
443,South,103.6,3,59.0,23.94,yes,30000.0
444,Downtown,87.5,2,13.0,1.95,yes,253800.0
445,North,130.6,3,14.0,14.05,no,204700.0
446,South,94.4,3,22.0,15.75,yes,139000.0
447,Outskirts,144.3,4,44.0,8.33,no,110900.0
448,South,119.8,3,51.0,17.51,no,47000.0
449,Downtown,85.6,4,16.0,0.16,yes,277400.0
450,South,79.7,2,6.0,14.08,yes,94300.0
451,Downtown,52.3,3,36.0,0.02,no,121000.0
452,Outskirts,120.2,3,35.0,23.14,yes,84300.0
453,South,97.6,3,22.0,4.65,no,162700.0
454,Downtown,35.0,1,11.0,0.89,no,99900.0
455,Downtown,,1,50.0,0.66,yes,117900.0
456,Downtown,78.5,3,50.0,2.05,no,69400.0
457,Outskirts,165.1,5,44.0,2.47,yes,224800.0
458,North,50.4,2,34.0,10.36,yes,41500.0
459,South,59.6,1,15.0,16.71,no,30000.0
460,South,148.8,4,24.0,14.0,no,191600.0
461,South,157.5,4,4.0,17.51,no,236500.0
462,Downtown,83.9,3,14.0,2.74,no,222900.0
463,Outskirts,87.9,3,27.0,5.22,no,81100.0
464,North,131.6,4,26.0,3.32,yes,302300.0
465,South,35.0,2,4.0,16.38,yes,30000.0
466,South,44.9,2,,17.02,yes,30000.0
467,South,100.2,3,16.0,14.8,yes,145400.0
468,Outskirts,164.2,4,30.0,7.65,no,180500.0
469,Downtown,94.7,2,27.0,1.9,no,202200.0
470,South,113.5,2,28.0,3.74,yes,165500.0
471,North,149.7,5,50.0,16.54,no,163700.0
472,North,183.7,5,44.0,4.77,no,315800.0
473,Downtown,,1,52.0,2.85,no,37800.0
474,Downtown,109.4,3,22.0,0.23,yes,308600.0
475,North,173.8,4,,18.52,no,322800.0
476,North,56.7,2,25.0,3.2,no,93900.0
477,North,146.0,3,33.0,14.77,yes,234200.0
478,South,74.4,3,20.0,5.33,yes,126100.0
479,South,113.6,4,27.0,17.69,yes,131900.0
480,North,,4,9.0,4.76,no,227800.0
481,North,76.5,3,35.0,3.69,no,146400.0
482,North,,2,42.0,18.4,no,30000.0
483,South,119.7,4,31.0,3.46,no,174500.0
484,North,144.8,3,52.0,7.16,yes,172200.0
485,Downtown,105.5,2,59.0,2.37,yes,46600.0
486,North,112.5,3,54.0,20.62,no,40200.0
487,North,130.0,2,5.0,21.64,no,210300.0
488,North,76.0,2,52.0,9.5,no,30000.0
489,South,135.9,3,20.0,14.15,yes,173100.0
490,South,138.7,4,27.0,19.79,yes,161300.0
491,South,201.1,5,24.0,5.15,yes,355400.0
492,South,96.8,3,17.0,18.66,yes,118300.0
493,South,94.0,3,52.0,4.24,yes,78300.0
494,North,136.9,5,38.0,23.0,no,168300.0
495,South,138.7,4,58.0,16.66,no,78500.0
496,South,91.3,2,57.0,13.35,yes,30000.0
497,North,95.9,3,25.0,13.15,yes,165900.0
498,South,128.9,3,43.0,6.17,yes,121300.0
499,North,81.0,3,30.0,9.96,no,81000.0
500,South,95.6,3,29.0,18.72,no,73400.0
501,South,113.1,5,44.0,14.44,yes,124900.0
502,Outskirts,144.9,4,41.0,14.17,no,153100.0
503,Outskirts,88.8,2,54.0,6.49,yes,30000.0
504,South,45.5,1,46.0,17.88,yes,30000.0
505,South,42.9,1,37.0,11.02,no,30000.0
506,South,65.9,2,55.0,6.2,yes,30000.0
507,North,64.0,2,6.0,23.71,yes,59900.0
508,Outskirts,104.6,4,45.0,13.66,no,101500.0
509,North,68.4,1,23.0,14.14,yes,62700.0
510,Downtown,85.4,3,25.0,0.97,yes,273900.0
511,Downtown,82.9,3,46.0,2.69,yes,134500.0
512,Outskirts,94.6,3,16.0,23.69,yes,72000.0
513,Downtown,156.3,4,53.0,2.23,no,265700.0
514,North,133.2,6,29.0,16.56,yes,253600.0
515,North,110.6,3,20.0,7.39,no,199200.0
516,Downtown,93.9,3,19.0,1.21,no,264600.0
517,North,94.8,2,25.0,12.07,yes,157300.0
518,South,121.5,5,56.0,2.23,yes,135300.0
519,Downtown,130.4,4,6.0,2.05,yes,390400.0
520,Outskirts,78.2,2,,15.69,yes,34900.0
521,Outskirts,111.3,4,50.0,18.66,yes,51300.0
522,North,38.9,1,28.0,5.86,no,30000.0
523,Downtown,117.4,3,33.0,2.23,yes,250900.0
524,South,136.7,5,20.0,23.84,no,173200.0
525,Downtown,100.2,3,8.0,0.41,no,300300.0
526,North,173.6,5,38.0,20.05,no,236900.0
527,Outskirts,,2,55.0,18.12,yes,30000.0
528,Outskirts,117.6,4,31.0,7.17,yes,139500.0
529,South,108.7,3,25.0,10.3,no,164100.0
530,North,106.5,3,7.0,23.83,yes,173600.0
531,South,106.0,3,56.0,17.21,no,30000.0
532,South,113.7,5,52.0,20.15,no,45100.0
533,North,139.7,3,54.0,24.28,no,44400.0
534,South,158.2,5,21.0,7.32,yes,281100.0
535,Downtown,109.9,3,37.0,1.73,yes,239000.0
536,North,138.5,5,25.0,16.83,no,227800.0
537,South,85.4,2,14.0,2.56,no,125000.0
538,Downtown,136.8,3,12.0,1.49,no,372200.0
539,Downtown,83.3,2,23.0,2.85,no,198600.0
540,Outskirts,148.2,4,33.0,16.04,no,159100.0
541,Outskirts,187.4,4,7.0,8.79,no,279300.0
542,South,105.7,3,42.0,18.65,no,84900.0
543,Outskirts,35.0,1,27.0,5.36,yes,30000.0
544,Outskirts,90.8,3,52.0,22.58,yes,30000.0
545,Downtown,153.1,4,16.0,2.11,no,383400.0
546,North,129.4,3,3.0,21.86,no,217100.0
547,North,118.7,4,18.0,13.45,yes,217600.0
548,Downtown,145.3,3,58.0,0.19,no,216500.0
549,South,127.0,4,,13.52,yes,187700.0
550,North,152.6,4,42.0,6.6,yes,264900.0
551,North,142.2,5,50.0,12.53,no,137800.0
552,Downtown,163.3,5,17.0,2.46,yes,448300.0
553,Downtown,122.6,3,38.0,0.67,no,269300.0
554,Outskirts,141.7,3,,5.75,no,209100.0
555,Downtown,,3,21.0,0.12,no,286000.0
556,North,88.9,2,17.0,21.71,yes,103600.0
557,North,169.7,5,40.0,20.85,no,205000.0
558,North,117.6,4,52.0,11.79,yes,123400.0
559,South,138.2,3,15.0,3.11,no,223300.0
560,North,114.3,3,17.0,23.42,yes,158900.0
561,Downtown,89.5,3,49.0,1.65,no,84800.0
562,North,110.4,4,27.0,10.3,no,159800.0
563,Outskirts,160.3,4,30.0,19.47,yes,160200.0
564,South,129.4,3,42.0,8.07,yes,145300.0
565,South,50.1,1,8.0,21.2,yes,30000.0
566,South,102.5,2,52.0,3.75,no,63700.0
567,South,172.4,5,21.0,19.04,no,238100.0
568,Downtown,102.5,3,39.0,2.31,no,222700.0
569,North,47.0,1,25.0,24.9,no,30000.0
570,South,176.3,6,45.0,23.25,no,184500.0
571,North,133.9,3,36.0,22.03,no,153000.0
572,Outskirts,107.5,3,10.0,8.41,yes,132500.0
573,North,,3,11.0,24.23,no,125400.0
574,South,147.9,4,52.0,23.34,no,101100.0
575,Outskirts,91.0,4,31.0,14.29,no,73600.0
576,South,150.2,5,16.0,11.25,yes,271000.0
577,Outskirts,129.0,4,8.0,4.51,yes,168400.0
578,South,118.6,5,,15.58,yes,178600.0
579,Outskirts,115.1,2,55.0,18.11,no,36500.0
580,North,103.9,3,58.0,11.29,no,30000.0
581,North,146.6,4,23.0,11.34,yes,295100.0
582,South,79.7,2,12.0,15.19,yes,116200.0
583,Downtown,53.2,2,25.0,2.01,no,79900.0
584,North,,3,8.0,24.03,no,214800.0
585,Outskirts,132.1,4,32.0,8.67,no,160200.0
586,South,126.8,4,37.0,5.24,no,154900.0
587,Downtown,124.3,4,59.0,2.5,no,175800.0
588,North,98.8,1,19.0,21.71,yes,126000.0
589,Downtown,137.6,3,11.0,2.02,yes,359200.0
590,Downtown,108.4,4,8.0,1.12,no,326500.0
591,Outskirts,93.0,3,,5.5,no,100400.0
592,North,99.1,1,36.0,12.3,yes,125900.0
593,North,180.7,6,3.0,6.27,no,421400.0
594,South,49.3,2,45.0,18.92,yes,30000.0
595,Downtown,127.5,3,27.0,0.67,yes,372200.0
596,North,51.2,2,47.0,14.64,yes,30000.0
597,South,106.2,2,27.0,10.8,no,104400.0
598,South,94.8,2,9.0,12.69,no,115100.0
599,Outskirts,37.0,1,1.0,11.77,no,30000.0
600,South,123.6,5,33.0,5.52,no,171900.0
601,North,96.7,4,32.0,7.07,no,147000.0
602,South,36.5,1,48.0,3.49,yes,30000.0
603,Outskirts,139.4,4,52.0,4.65,no,96700.0
604,South,,5,9.0,24.49,yes,205000.0
605,Outskirts,162.2,4,18.0,8.44,no,215100.0
606,South,122.6,4,12.0,9.06,yes,177400.0
607,Outskirts,111.6,3,6.0,4.92,yes,153800.0
608,Downtown,156.5,5,,0.54,no,444500.0
609,South,168.9,5,4.0,23.26,yes,234100.0
610,North,149.7,5,31.0,20.16,no,235200.0
611,South,77.0,2,9.0,16.09,no,73500.0
612,South,117.0,1,11.0,20.7,no,119500.0
613,Outskirts,125.4,4,7.0,11.3,yes,153500.0
614,Outskirts,46.7,2,43.0,21.77,yes,30000.0
615,North,126.4,4,38.0,20.37,yes,168200.0
616,South,189.6,5,57.0,2.04,no,222700.0
617,South,132.4,5,6.0,13.22,no,218500.0
618,North,161.6,5,12.0,8.09,yes,379500.0
619,Downtown,116.4,4,27.0,2.49,no,279600.0
620,Downtown,107.4,4,38.0,2.31,no,191000.0
621,South,123.3,4,7.0,2.18,no,219200.0
622,North,81.4,2,12.0,18.79,yes,114500.0
623,Outskirts,76.3,1,25.0,24.73,no,30000.0
624,North,154.3,4,1.0,13.09,no,287400.0
625,Outskirts,158.0,5,23.0,10.54,yes,213500.0
626,North,75.3,2,45.0,15.93,yes,51600.0
627,South,143.9,5,31.0,20.51,yes,177100.0
628,Downtown,107.0,3,26.0,0.35,no,283600.0
629,South,121.9,5,29.0,7.77,no,155000.0
630,Outskirts,126.1,3,56.0,15.97,no,56600.0
631,Outskirts,144.8,5,31.0,23.62,yes,161900.0
632,Outskirts,112.9,4,32.0,8.86,no,128300.0
633,Downtown,159.4,6,55.0,1.31,yes,337800.0
634,North,120.8,2,9.0,24.85,no,159500.0
635,Downtown,131.8,3,5.0,0.72,yes,397900.0
636,Downtown,80.8,3,26.0,2.47,no,209000.0
637,South,185.6,7,19.0,15.56,no,302700.0
638,South,126.4,4,12.0,2.56,no,195900.0
639,South,135.0,4,7.0,6.15,no,234800.0
640,Outskirts,53.7,2,52.0,16.31,yes,30000.0
641,South,81.2,3,36.0,17.17,no,53400.0
642,Outskirts,153.3,4,41.0,13.74,no,144100.0
643,Downtown,120.0,4,7.0,1.37,yes,345900.0
644,North,,2,20.0,15.25,no,30000.0
645,South,146.3,6,37.0,16.8,yes,193000.0
646,Outskirts,91.0,3,31.0,20.48,yes,70300.0
647,Downtown,159.4,5,41.0,1.75,no,365200.0
648,South,106.9,3,40.0,17.29,yes,109900.0
649,South,117.2,4,24.0,22.57,yes,147500.0
650,Downtown,,4,46.0,0.86,yes,335200.0
651,North,78.6,2,15.0,5.06,no,162100.0
652,Outskirts,,1,4.0,24.0,no,74000.0
653,South,103.1,4,54.0,22.51,yes,36300.0
654,North,139.0,3,1.0,9.38,no,278500.0
655,Outskirts,63.4,1,17.0,2.46,no,83200.0
656,North,51.6,2,6.0,15.89,no,49600.0
657,Outskirts,138.8,6,13.0,12.08,no,186400.0
658,North,88.9,2,23.0,19.24,no,122700.0
659,South,96.3,2,7.0,14.07,yes,122000.0
660,North,45.0,1,28.0,3.76,yes,79100.0
661,North,86.2,4,55.0,7.63,no,30000.0
662,Outskirts,109.7,1,8.0,22.3,yes,82400.0
663,Downtown,142.6,3,55.0,2.83,no,192600.0
664,Downtown,83.0,5,24.0,0.76,yes,259100.0
665,North,168.0,5,35.0,8.71,yes,328700.0
666,South,86.0,2,26.0,12.41,no,80500.0
667,Outskirts,86.1,2,18.0,14.21,yes,71500.0
668,Outskirts,163.8,5,6.0,7.75,no,254600.0
669,North,117.4,4,35.0,17.0,no,161100.0
670,North,90.7,4,54.0,17.95,yes,40100.0
671,Downtown,104.6,3,31.0,2.07,yes,259400.0
672,South,157.4,4,35.0,10.6,yes,216900.0
673,Outskirts,161.3,5,38.0,19.12,no,162200.0
674,South,81.4,2,23.0,18.6,yes,67000.0
675,South,108.5,2,7.0,14.53,no,138400.0
676,North,113.2,2,30.0,19.89,yes,140100.0
677,Outskirts,75.5,1,52.0,4.48,yes,30000.0
678,North,108.1,2,18.0,4.72,yes,229000.0
679,Downtown,,2,52.0,2.62,yes,139500.0
680,North,149.9,5,51.0,17.95,yes,168700.0
681,Downtown,152.3,3,14.0,2.12,no,405300.0
682,North,98.5,1,34.0,6.16,yes,162900.0
683,Downtown,102.5,2,44.0,0.88,no,159000.0
684,North,133.3,3,29.0,17.2,no,183300.0
685,South,89.5,2,41.0,7.15,no,52000.0
686,North,130.6,5,54.0,13.89,no,95400.0
687,North,106.9,3,37.0,16.68,yes,116900.0
688,Outskirts,76.1,3,50.0,6.93,no,30000.0
689,South,76.5,2,48.0,10.64,yes,30000.0
690,South,160.6,5,48.0,6.98,no,189700.0
691,North,104.5,2,51.0,22.77,yes,30000.0
692,Outskirts,167.4,5,,7.45,no,253600.0
693,North,92.0,2,1.0,4.78,no,201700.0
694,North,120.2,4,9.0,2.81,no,266900.0
695,Outskirts,193.7,5,14.0,3.03,yes,321100.0
696,South,73.0,1,41.0,6.41,no,35300.0
697,South,43.6,2,30.0,15.99,no,30000.0
698,South,155.0,5,28.0,2.41,no,266700.0
699,South,81.1,2,0.0,8.6,yes,127200.0
700,North,109.3,3,41.0,3.34,yes,188000.0
701,North,89.5,2,21.0,11.28,yes,149100.0
702,North,119.4,3,,3.12,no,160100.0
703,Downtown,76.7,2,6.0,2.41,yes,194100.0
704,Outskirts,103.7,2,17.0,17.83,no,99000.0
705,North,125.7,3,3.0,18.82,no,203700.0
706,South,74.7,1,17.0,7.16,no,98100.0
707,South,85.5,2,55.0,21.98,no,30000.0
708,South,97.8,3,29.0,17.88,no,79600.0
709,North,,1,26.0,3.3,no,98300.0
710,North,95.2,5,16.0,12.14,yes,198900.0
711,Outskirts,114.2,4,15.0,19.66,no,120200.0
712,South,96.0,4,40.0,9.15,no,84100.0
713,Outskirts,100.5,4,59.0,10.78,no,35200.0
714,Outskirts,,5,44.0,16.48,no,56100.0
715,South,87.0,2,44.0,3.28,no,63500.0
716,Downtown,134.2,2,28.0,1.66,no,292600.0
717,South,160.3,4,5.0,6.01,no,283700.0
718,Downtown,93.7,3,43.0,1.66,no,146000.0
719,South,127.0,4,,2.12,yes,155100.0
720,Outskirts,101.6,3,30.0,11.19,yes,96400.0
721,South,122.8,5,5.0,22.34,no,166600.0
722,North,164.8,5,42.0,20.85,no,199300.0
723,Downtown,127.8,4,55.0,1.73,yes,172600.0
724,Outskirts,47.9,1,13.0,14.28,no,30000.0
725,Downtown,125.9,3,9.0,0.76,no,327100.0
726,Downtown,153.2,6,44.0,2.96,no,336700.0
727,North,102.2,3,19.0,3.07,yes,258100.0
728,Downtown,144.8,4,42.0,2.37,no,292200.0
729,North,85.8,2,42.0,13.41,yes,80500.0
730,South,58.0,1,,12.47,yes,57000.0
731,North,114.9,3,2.0,13.85,yes,248300.0
732,Downtown,48.5,1,33.0,2.9,yes,64100.0
733,Downtown,101.6,2,24.0,2.06,yes,224000.0
734,North,155.0,4,51.0,18.33,no,149900.0
735,Downtown,43.2,1,21.0,2.08,yes,131200.0
736,South,65.2,3,14.0,21.54,yes,70200.0
737,North,73.9,2,51.0,2.2,no,30000.0
738,North,107.8,3,44.0,5.92,no,130100.0
739,North,97.2,2,37.0,12.83,no,102600.0
740,North,159.0,4,57.0,21.56,no,114700.0
741,Downtown,143.4,4,46.0,0.98,yes,351900.0
742,Downtown,127.3,4,51.0,2.63,no,188400.0
743,Outskirts,115.1,3,47.0,6.88,no,94300.0
744,Downtown,123.8,4,24.0,0.21,no,360900.0
745,South,,2,3.0,16.71,no,72300.0
746,North,140.0,5,36.0,6.83,no,237800.0
747,North,71.1,2,45.0,14.72,no,30000.0
748,North,139.2,3,59.0,21.2,no,53600.0
749,South,151.5,5,40.0,10.97,no,187800.0
750,Outskirts,117.4,4,34.0,10.7,yes,101700.0
751,North,103.8,3,34.0,2.83,yes,209000.0
752,North,124.0,4,6.0,7.84,yes,283700.0
753,North,35.0,1,0.0,18.06,yes,30000.0
754,North,120.6,3,2.0,10.29,yes,257000.0
755,South,106.0,3,54.0,5.64,no,50400.0
756,North,108.2,3,47.0,4.43,yes,133200.0
757,North,134.7,3,15.0,4.19,yes,300700.0
758,Outskirts,107.4,4,25.0,17.16,yes,106600.0
759,Downtown,70.1,1,29.0,0.73,no,178500.0
760,North,105.1,3,14.0,13.93,no,185700.0
761,South,112.4,5,25.0,13.51,no,132700.0
762,Downtown,114.0,4,20.0,1.84,no,335200.0
763,Downtown,115.7,3,41.0,0.12,no,246700.0
764,Downtown,146.4,4,45.0,0.38,no,314500.0
765,Outskirts,72.0,2,5.0,23.29,no,57000.0
766,Downtown,116.1,1,27.0,2.24,yes,243600.0
767,Downtown,155.1,4,59.0,1.39,no,225400.0
768,Downtown,49.3,1,52.0,0.05,yes,30000.0
769,Downtown,116.3,3,47.0,0.55,no,212400.0
770,South,89.5,3,44.0,5.82,yes,88900.0
771,North,97.0,4,0.0,23.27,yes,162900.0
772,South,78.3,2,58.0,3.01,yes,30000.0
773,South,104.1,2,44.0,20.88,no,51500.0
774,Outskirts,174.4,5,53.0,17.1,no,133200.0
775,Downtown,65.7,2,54.0,0.25,yes,57500.0
776,Outskirts,69.1,2,15.0,6.66,no,77000.0
777,South,64.4,2,0.0,10.23,yes,120600.0
778,Downtown,170.5,7,39.0,1.94,no,419300.0
779,South,93.8,1,27.0,21.83,yes,64800.0
780,Outskirts,,3,1.0,6.03,yes,133300.0
781,North,95.9,3,16.0,10.13,no,143100.0
782,Outskirts,76.9,2,59.0,7.46,no,30000.0
783,North,101.8,4,21.0,4.82,no,205000.0
784,South,196.0,6,15.0,16.87,no,296400.0
785,Outskirts,158.7,4,39.0,9.96,no,166700.0
786,North,80.1,2,39.0,7.18,yes,80900.0
787,Outskirts,132.7,4,19.0,21.92,yes,134700.0
788,North,80.9,2,50.0,19.21,no,30000.0
789,South,47.8,1,34.0,19.8,yes,30000.0
790,South,145.7,4,9.0,2.9,no,245800.0
791,North,150.6,5,19.0,23.05,yes,277200.0
792,North,146.6,5,50.0,15.22,no,130700.0
793,North,93.6,2,5.0,13.59,yes,145300.0
794,Downtown,104.2,2,0.0,0.31,no,297700.0
795,Downtown,136.2,2,39.0,0.45,no,309400.0
796,North,123.7,4,26.0,14.51,yes,205000.0
797,Downtown,96.2,3,15.0,1.97,yes,268000.0
798,Downtown,53.3,2,28.0,1.75,yes,127300.0
799,South,114.0,2,11.0,20.32,yes,144100.0
800,South,147.8,6,22.0,17.94,yes,213400.0
801,South,68.1,1,14.0,23.18,no,60600.0
802,North,132.4,4,35.0,7.19,yes,235700.0
803,Outskirts,121.6,4,40.0,6.65,yes,131900.0
804,South,136.3,3,54.0,18.39,no,59300.0
805,Downtown,140.5,4,4.0,1.99,yes,425000.0
806,Downtown,85.7,3,19.0,2.86,yes,253800.0
807,South,53.4,4,15.0,18.3,no,65800.0
808,Downtown,91.3,3,34.0,1.86,no,176700.0
809,South,141.1,5,31.0,20.12,no,180900.0
810,Outskirts,91.0,4,52.0,9.33,yes,48600.0
811,Downtown,85.7,3,55.0,1.09,no,85600.0
812,Downtown,46.3,1,46.0,2.95,no,30000.0
813,Outskirts,171.3,6,11.0,16.58,no,220100.0
814,South,138.9,3,2.0,22.47,no,191500.0
815,Downtown,136.9,5,53.0,2.62,yes,259000.0
816,Outskirts,143.9,4,56.0,9.52,no,110600.0
817,Outskirts,130.2,2,15.0,9.03,no,156800.0
818,South,101.4,3,2.0,14.98,no,131300.0
819,South,104.3,4,40.0,11.5,no,55300.0
820,North,95.0,3,35.0,4.48,no,119000.0
821,Downtown,202.2,6,53.0,1.28,yes,434800.0
822,South,129.5,3,34.0,6.71,no,146600.0
823,North,,2,45.0,14.28,no,53200.0
824,South,126.3,4,47.0,15.68,no,72700.0
825,Outskirts,74.6,2,0.0,2.94,no,98900.0
826,Downtown,162.7,4,8.0,2.54,yes,459400.0
827,South,86.9,3,46.0,24.35,yes,32900.0
828,North,127.5,3,10.0,17.28,yes,225300.0
829,Outskirts,147.3,4,12.0,2.77,no,226400.0
830,North,123.5,4,45.0,20.27,no,108700.0
831,South,113.3,2,12.0,13.7,no,156900.0
832,South,110.4,2,8.0,3.73,no,194200.0
833,North,108.0,3,0.0,17.66,no,174500.0
834,South,89.8,4,28.0,13.49,yes,84800.0
835,South,94.3,3,38.0,6.71,no,87800.0
836,South,161.8,3,43.0,22.19,no,142300.0
837,South,106.2,1,54.0,8.7,no,32000.0
838,Outskirts,82.5,3,39.0,8.54,no,39400.0
839,North,91.9,3,45.0,8.27,no,90200.0
840,South,148.5,5,12.0,19.65,yes,227800.0
841,Downtown,133.6,3,20.0,1.87,no,328600.0
842,South,129.6,4,18.0,22.77,no,149200.0
843,South,101.0,4,3.0,7.27,no,195500.0
844,North,130.1,3,58.0,20.09,yes,71800.0
845,Downtown,87.5,2,14.0,1.54,yes,268700.0
846,Outskirts,100.9,3,26.0,9.1,yes,101300.0
847,North,143.9,5,21.0,2.82,no,313500.0
848,South,140.6,4,2.0,20.84,yes,198400.0
849,Downtown,75.6,3,54.0,1.24,yes,76500.0
850,Outskirts,80.1,2,13.0,16.53,no,61800.0
851,Downtown,113.8,2,6.0,2.71,yes,309200.0
852,Downtown,170.4,6,20.0,1.97,no,466600.0
853,Outskirts,43.0,1,8.0,24.87,yes,30000.0
854,Outskirts,119.7,3,59.0,20.73,yes,30000.0
855,North,61.8,2,11.0,13.19,no,90500.0
856,North,87.8,3,18.0,17.65,no,91400.0
857,South,97.2,2,16.0,12.96,no,118700.0
858,Outskirts,95.3,3,1.0,19.13,no,113500.0
859,North,91.3,3,0.0,5.09,yes,212400.0
860,South,110.3,3,30.0,12.27,no,112200.0
861,South,91.3,1,13.0,9.72,yes,139800.0
862,South,58.8,3,5.0,12.57,no,51800.0
863,South,137.3,4,17.0,12.36,yes,214700.0
864,South,136.4,4,16.0,5.29,no,210400.0
865,Downtown,139.5,3,25.0,2.13,yes,337000.0
866,Outskirts,56.1,1,59.0,2.36,yes,30000.0
867,Outskirts,120.5,3,18.0,2.23,yes,166300.0
868,South,133.7,5,42.0,10.59,no,146800.0
869,Downtown,73.9,2,46.0,2.55,yes,106200.0
870,North,110.3,4,3.0,6.13,no,267300.0
871,South,105.9,3,30.0,14.26,yes,124100.0
872,Downtown,174.5,5,26.0,1.91,no,469700.0
873,Outskirts,177.4,5,30.0,4.16,yes,256200.0
874,North,51.7,3,10.0,24.64,no,30000.0
875,South,197.3,4,27.0,9.74,yes,279900.0
876,Outskirts,78.0,1,7.0,16.78,yes,96100.0
877,North,144.3,3,56.0,4.55,yes,156400.0
878,North,144.0,3,,18.32,yes,229400.0
879,South,75.2,1,2.0,21.33,no,63200.0
880,South,127.3,2,30.0,4.42,yes,174200.0
881,North,106.2,2,55.0,4.89,no,66100.0
882,South,129.4,2,44.0,8.46,no,148100.0
883,Outskirts,118.1,3,16.0,2.27,yes,206900.0
884,North,151.9,5,53.0,24.68,no,116500.0
885,Downtown,112.6,4,11.0,2.92,yes,319800.0
886,North,104.1,3,14.0,15.97,yes,184400.0
887,North,148.4,3,9.0,24.06,yes,257100.0
888,Downtown,130.3,2,55.0,2.83,yes,194000.0
889,Downtown,135.6,3,43.0,2.84,yes,284200.0
890,South,86.7,2,31.0,9.81,no,52200.0
891,North,73.4,3,40.0,9.7,no,54700.0
892,Outskirts,90.1,3,15.0,8.71,no,101800.0
893,North,88.3,3,4.0,9.97,yes,182400.0
894,Downtown,137.5,3,50.0,0.28,no,256900.0
895,South,144.2,4,57.0,5.22,yes,152700.0
896,Outskirts,104.6,3,2.0,10.19,yes,156200.0
897,North,160.1,4,3.0,12.28,no,307500.0
898,North,157.9,6,33.0,9.11,yes,312600.0
899,Downtown,118.5,2,2.0,1.44,yes,338800.0
900,South,81.2,2,43.0,10.59,no,30000.0
901,North,165.1,6,56.0,13.06,no,183800.0
902,North,107.9,2,16.0,18.58,no,175700.0
903,Downtown,,3,17.0,2.69,yes,289300.0
904,North,98.1,2,51.0,6.66,yes,75300.0
905,Outskirts,78.9,2,21.0,2.84,no,97400.0
906,South,58.6,1,14.0,8.99,yes,75900.0
907,North,132.2,4,5.0,5.61,yes,295900.0
908,Downtown,82.6,3,50.0,1.64,yes,89900.0
909,North,217.1,7,55.0,24.52,no,256000.0
910,North,72.0,1,4.0,6.16,no,144200.0
911,South,66.0,2,48.0,9.33,no,30000.0
912,Outskirts,127.9,3,9.0,18.68,no,130000.0
913,Outskirts,163.5,4,8.0,13.71,yes,252200.0
914,Outskirts,,5,22.0,3.01,no,152600.0
915,Outskirts,130.0,4,26.0,5.72,yes,182000.0
916,Outskirts,,1,51.0,23.51,yes,30000.0
917,Downtown,,3,41.0,0.72,yes,200300.0
918,Downtown,72.4,1,8.0,2.29,no,156700.0
919,North,43.7,1,35.0,20.22,no,30000.0
920,South,114.1,2,52.0,8.11,no,64800.0
921,Downtown,35.0,1,39.0,1.88,yes,50200.0
922,Outskirts,63.7,3,13.0,5.91,yes,80600.0
923,South,91.2,3,7.0,8.55,yes,143800.0
924,South,80.9,3,27.0,9.17,yes,110000.0
925,Downtown,123.9,3,28.0,1.24,yes,336400.0
926,North,120.7,3,21.0,6.94,no,235200.0
927,Downtown,141.3,4,6.0,1.46,no,389100.0
928,Outskirts,136.3,3,7.0,23.29,no,133100.0
929,South,149.9,4,31.0,5.72,no,221700.0
930,South,109.9,3,56.0,22.22,yes,36800.0
931,North,120.6,3,35.0,16.96,no,137900.0
932,North,127.9,4,26.0,15.27,yes,222600.0
933,North,115.0,5,,19.28,no,33600.0
934,South,96.1,3,41.0,18.7,no,73700.0
935,South,98.4,4,43.0,4.54,yes,118900.0
936,North,81.4,3,34.0,24.99,yes,71000.0
937,Outskirts,124.8,2,45.0,23.66,no,51000.0
938,Downtown,106.7,2,30.0,1.29,no,240000.0
939,Outskirts,86.8,2,37.0,16.31,no,30000.0
940,Downtown,86.8,2,,0.25,no,152800.0
941,North,67.6,2,45.0,14.33,no,30000.0
942,Outskirts,144.3,5,53.0,2.34,yes,149300.0
943,Downtown,112.8,4,17.0,1.23,no,319800.0
944,North,79.8,3,41.0,16.35,no,30000.0
945,North,,4,1.0,17.15,yes,260400.0
946,North,90.4,1,31.0,9.64,yes,134300.0
947,South,60.8,2,53.0,12.84,no,30000.0
948,Outskirts,145.7,4,38.0,16.64,no,118800.0
949,Outskirts,91.2,3,16.0,11.85,yes,119300.0
950,North,95.7,4,36.0,24.13,no,73800.0
951,South,111.4,4,21.0,18.23,no,129700.0
952,North,150.0,5,25.0,2.03,no,362700.0
953,North,110.7,2,13.0,2.54,yes,250700.0
954,Downtown,68.0,2,37.0,2.73,yes,136400.0
955,Outskirts,129.0,4,11.0,11.49,yes,181200.0
956,Outskirts,93.0,2,26.0,21.31,no,55200.0
957,South,176.1,5,56.0,5.98,no,202700.0
958,South,110.0,3,45.0,2.32,yes,139200.0
959,North,35.0,1,24.0,10.93,no,30000.0
960,South,122.5,4,58.0,18.93,yes,67100.0
961,South,178.1,5,0.0,24.35,no,275300.0
962,North,165.2,3,57.0,22.32,yes,155500.0
963,Downtown,174.1,5,21.0,0.7,no,427700.0
964,Downtown,74.3,2,,1.63,no,66300.0
965,Outskirts,141.9,5,56.0,3.62,no,116400.0
966,North,84.7,2,36.0,15.16,yes,75700.0
967,Outskirts,117.9,4,36.0,23.26,yes,102200.0
968,Downtown,65.4,2,44.0,0.38,yes,115600.0
969,South,87.4,1,,24.08,no,71900.0
970,North,86.3,1,10.0,7.08,yes,162700.0
971,North,141.4,5,20.0,4.43,no,330700.0
972,Downtown,138.0,5,28.0,1.27,no,374500.0
973,Downtown,119.7,4,44.0,1.6,yes,261500.0
974,Outskirts,62.7,3,15.0,9.16,yes,84900.0
975,North,99.1,4,33.0,20.4,yes,138500.0
976,South,83.9,3,,5.89,no,151000.0
977,North,140.4,3,1.0,19.15,no,239000.0
978,North,151.2,6,58.0,14.81,yes,172000.0
979,South,147.0,5,51.0,6.03,no,156400.0
980,Downtown,83.6,2,51.0,2.94,yes,109700.0
981,Outskirts,35.0,1,19.0,18.42,yes,30000.0
982,Outskirts,,2,30.0,13.86,no,30000.0
983,South,,3,40.0,7.19,no,229900.0
984,North,96.0,3,15.0,5.04,yes,182500.0
985,Downtown,83.7,2,44.0,1.73,no,120300.0
986,Outskirts,167.5,5,41.0,17.08,no,146500.0
987,North,154.3,4,24.0,20.61,no,275200.0
988,Downtown,110.9,3,26.0,2.82,no,260700.0
989,North,99.7,2,18.0,21.08,yes,127300.0
990,South,105.4,3,48.0,5.74,yes,92000.0
991,South,118.0,5,59.0,13.43,no,30600.0
992,South,166.0,6,59.0,17.34,no,115700.0
993,South,124.8,4,46.0,4.38,yes,146800.0
994,North,135.4,4,20.0,5.45,yes,287600.0
995,Outskirts,150.9,5,46.0,16.58,yes,137300.0
996,North,69.1,3,14.0,21.98,no,71700.0
997,South,136.4,3,53.0,17.19,yes,74200.0
998,Downtown,99.7,3,16.0,0.23,yes,293600.0
999,Outskirts,35.0,1,24.0,24.32,yes,30000.0
1000,North,35.5,2,5.0,5.21,no,68100.0
1001,Downtown,74.4,4,4.0,2.79,no,226800.0
1002,North,128.6,4,23.0,24.42,yes,210700.0
1003,Downtown,114.0,2,33.0,0.54,yes,307400.0
1004,Downtown,116.5,4,1.0,2.25,yes,369700.0
1005,South,178.3,4,50.0,20.55,no,196700.0
1006,North,65.6,1,6.0,16.99,no,108600.0
1007,Outskirts,109.0,4,59.0,8.54,no,30000.0
1008,North,120.7,4,16.0,9.52,no,199000.0
1009,South,84.2,2,22.0,23.79,yes,69400.0
1010,North,111.0,3,9.0,21.79,yes,192200.0
1011,South,54.0,2,49.0,10.27,yes,30000.0
1012,South,159.3,4,43.0,10.59,no,189800.0
1013,North,86.1,2,4.0,8.85,yes,167900.0
1014,Outskirts,181.1,5,6.0,9.5,no,241200.0
1015,North,108.9,3,36.0,21.8,yes,109000.0
1016,Downtown,146.0,4,51.0,0.38,no,275000.0
1017,South,108.1,2,6.0,12.03,yes,172900.0
1018,Outskirts,108.9,4,13.0,23.69,yes,110200.0
1019,Downtown,89.6,1,32.0,1.0,no,175400.0
1020,North,114.2,3,6.0,12.36,yes,235600.0
1021,Outskirts,121.1,3,18.0,9.18,yes,154300.0
1022,South,82.6,2,0.0,3.7,yes,169600.0
1023,Outskirts,105.6,3,29.0,7.16,no,97100.0
1024,South,88.6,3,42.0,4.08,yes,80600.0
1025,South,190.5,5,24.0,4.91,no,320100.0
1026,North,106.9,4,15.0,5.76,no,229100.0
1027,Outskirts,164.1,5,25.0,8.95,no,196200.0
1028,North,103.2,2,30.0,2.25,yes,226100.0
1029,South,119.1,5,9.0,23.85,no,182400.0
1030,North,63.8,1,6.0,4.85,yes,124600.0
1031,South,94.4,3,10.0,10.81,no,152500.0
1032,South,117.4,4,59.0,22.23,no,30000.0
1033,South,165.5,5,43.0,4.45,yes,256000.0
1034,Outskirts,117.8,3,7.0,13.12,yes,137900.0
1035,North,158.4,5,18.0,21.43,no,291400.0
1036,South,132.4,3,24.0,14.81,no,148900.0
1037,North,167.0,5,10.0,6.84,no,364000.0
1038,North,107.9,3,51.0,18.92,no,30000.0
1039,North,193.7,5,56.0,17.67,no,217400.0
1040,Downtown,93.0,3,14.0,2.31,no,273000.0
1041,Downtown,83.2,3,0.0,0.97,no,248700.0
1042,South,67.6,2,16.0,2.18,yes,158600.0
1043,South,191.6,6,34.0,20.98,no,243100.0
1044,South,138.7,4,48.0,9.4,no,152200.0
1045,Downtown,98.3,2,20.0,1.01,yes,251900.0
1046,North,,4,16.0,13.93,yes,301800.0
1047,Downtown,134.1,4,14.0,1.75,yes,386000.0
1048,South,178.8,5,0.0,2.2,yes,374600.0
1049,Outskirts,55.8,2,0.0,3.29,no,80500.0
1050,North,100.7,3,25.0,11.59,yes,139000.0
1051,South,93.8,1,37.0,17.55,no,30000.0
1052,Downtown,40.9,1,0.0,1.54,yes,118000.0
1053,North,147.1,5,12.0,22.64,no,271700.0
1054,Downtown,100.5,2,54.0,1.72,no,106500.0
1055,North,135.9,4,59.0,9.82,no,92400.0
1056,South,192.6,6,38.0,10.08,no,262300.0
1057,Outskirts,97.6,2,31.0,9.82,yes,104400.0
1058,North,95.3,2,34.0,13.22,no,76400.0
1059,South,114.2,5,22.0,20.18,no,144500.0
1060,South,144.6,4,12.0,9.31,yes,249500.0
1061,Outskirts,90.2,2,22.0,19.12,no,58300.0
1062,South,87.9,2,41.0,5.37,yes,91000.0
1063,North,147.0,4,39.0,14.9,no,203200.0
1064,South,123.3,3,40.0,10.63,yes,143100.0
1065,North,38.4,2,36.0,14.4,no,30000.0
1066,Outskirts,67.1,1,3.0,4.48,yes,103800.0
1067,North,162.5,6,37.0,23.93,yes,270500.0
1068,South,124.1,3,52.0,22.84,no,46800.0
1069,Downtown,83.3,2,38.0,2.93,no,135200.0
1070,North,104.0,3,34.0,22.53,yes,109800.0
1071,Outskirts,110.5,1,13.0,5.37,no,147200.0
1072,South,135.8,4,47.0,13.59,no,115700.0
1073,North,62.5,2,27.0,9.31,no,43300.0
1074,Outskirts,80.6,3,15.0,22.41,yes,83300.0
1075,Outskirts,119.6,2,29.0,6.36,no,102500.0
1076,North,106.5,4,7.0,7.06,no,228200.0
1077,South,130.0,4,55.0,17.79,yes,70200.0
1078,North,67.0,3,42.0,4.04,yes,71100.0
1079,South,122.5,3,19.0,18.84,no,146600.0
1080,North,148.2,5,47.0,8.17,yes,217900.0
1081,North,127.0,2,3.0,17.2,yes,235600.0
1082,Outskirts,114.9,4,23.0,22.08,yes,117900.0
1083,Outskirts,106.6,2,39.0,16.02,no,48500.0
1084,Outskirts,80.8,1,1.0,6.89,no,111500.0
1085,Outskirts,107.5,2,42.0,3.13,no,95800.0
1086,South,154.1,4,49.0,3.03,no,191500.0
1087,South,105.8,2,35.0,4.04,yes,162200.0
1088,South,78.9,3,12.0,15.34,yes,125000.0
1089,North,92.8,1,44.0,10.01,yes,80100.0
1090,North,117.0,2,20.0,7.59,yes,221300.0
1091,North,96.9,4,44.0,7.04,yes,104700.0
1092,South,127.0,4,37.0,23.82,no,109900.0
1093,North,128.3,3,5.0,4.73,yes,313400.0
1094,North,141.1,4,5.0,9.01,yes,316900.0
1095,South,159.8,5,0.0,12.84,yes,220200.0
1096,North,144.9,4,4.0,2.01,yes,378900.0
1097,North,77.3,2,17.0,23.18,yes,99600.0
1098,Outskirts,78.4,3,1.0,4.28,yes,120900.0
1099,Outskirts,107.3,2,56.0,17.7,yes,30000.0
1100,Downtown,94.2,3,54.0,1.34,no,105000.0
1101,Downtown,70.2,2,10.0,0.61,no,195400.0
1102,North,94.5,2,18.0,16.98,no,139800.0
1103,South,93.4,2,44.0,19.7,no,30000.0
1104,Outskirts,,3,39.0,11.69,no,46000.0
1105,Downtown,98.9,3,34.0,1.78,no,206300.0
1106,South,151.2,3,59.0,18.14,no,56200.0
1107,Downtown,117.0,4,37.0,1.11,no,268300.0
1108,North,196.5,5,40.0,13.77,yes,360700.0
1109,Outskirts,116.0,3,30.0,6.73,yes,157500.0
1110,Downtown,99.8,3,31.0,1.91,yes,256300.0
1111,Downtown,110.1,3,17.0,2.88,yes,276600.0
1112,North,119.0,2,31.0,2.21,no,197000.0
1113,South,125.2,4,55.0,11.6,yes,88500.0
1114,Outskirts,182.7,5,22.0,2.06,no,269100.0
1115,Outskirts,80.4,3,7.0,15.0,no,71800.0
1116,Downtown,140.1,4,35.0,0.71,no,367400.0
1117,Downtown,117.3,3,47.0,0.19,yes,248100.0
1118,South,,3,57.0,17.95,yes,30000.0
1119,North,137.0,4,32.0,2.0,yes,311400.0
1120,Outskirts,154.4,5,47.0,3.37,no,164400.0
1121,South,80.0,2,15.0,18.06,no,109600.0
1122,Downtown,109.7,3,25.0,0.93,no,267000.0
1123,Outskirts,49.6,1,25.0,18.51,no,30000.0
1124,Downtown,65.9,3,19.0,0.98,no,169700.0
1125,North,146.7,4,42.0,18.27,no,200000.0
1126,South,93.7,2,53.0,19.01,yes,30000.0
1127,South,71.2,2,19.0,18.66,yes,56700.0
1128,South,118.0,3,,18.97,yes,151200.0
1129,South,91.7,2,49.0,3.7,no,75800.0
1130,Outskirts,93.5,3,50.0,3.46,no,58400.0
1131,Outskirts,135.9,5,56.0,10.31,no,101300.0
1132,South,69.3,1,15.0,14.13,no,54500.0
1133,Downtown,78.3,2,43.0,0.63,no,127400.0
1134,South,115.4,2,42.0,9.7,yes,115200.0
1135,Outskirts,143.9,6,47.0,8.33,yes,139800.0
1136,North,153.3,5,48.0,19.97,no,165600.0
1137,North,86.7,3,57.0,7.73,no,30000.0
1138,North,142.8,3,28.0,20.88,no,207300.0
1139,Downtown,82.6,2,4.0,1.56,yes,262500.0
1140,South,173.9,5,11.0,10.27,no,298200.0
1141,North,70.3,2,53.0,11.22,no,30000.0
1142,South,156.5,5,,8.89,no,160400.0
1143,Outskirts,87.0,4,0.0,2.08,yes,179500.0
1144,Outskirts,180.5,4,22.0,7.42,no,248900.0
1145,North,130.7,3,14.0,9.77,no,266200.0
1146,North,74.4,1,19.0,9.21,no,117500.0
1147,South,91.7,4,38.0,20.07,no,50500.0
1148,Outskirts,137.3,5,30.0,3.09,no,190600.0
1149,North,146.8,4,28.0,10.95,no,266800.0
1150,Outskirts,107.5,3,26.0,2.86,no,120400.0
1151,Downtown,111.6,3,38.0,0.16,yes,262600.0
1152,Outskirts,136.5,5,40.0,20.17,yes,102800.0
1153,Downtown,114.6,3,2.0,0.42,yes,364700.0
1154,Downtown,64.7,2,8.0,2.19,no,165200.0
1155,South,81.5,3,20.0,9.26,yes,96200.0
1156,Downtown,118.2,3,26.0,2.06,yes,310400.0
1157,Downtown,152.5,4,59.0,0.6,no,234500.0
1158,Downtown,166.6,5,53.0,2.3,no,317700.0
1159,North,137.3,5,38.0,11.45,yes,259400.0
1160,South,120.1,5,2.0,10.65,yes,217800.0
1161,Downtown,136.2,4,6.0,1.7,no,375100.0
1162,South,86.7,3,27.0,21.25,yes,87700.0
1163,Outskirts,104.6,3,35.0,24.23,no,54600.0
1164,Downtown,81.2,2,39.0,2.48,no,117200.0
1165,Downtown,66.3,2,8.0,2.82,yes,178900.0
1166,Outskirts,121.7,4,53.0,8.92,no,61400.0
1167,Outskirts,116.5,2,29.0,11.76,yes,116400.0
1168,South,134.1,4,35.0,12.88,no,165900.0
1169,Outskirts,129.1,4,2.0,8.7,yes,195400.0
1170,Downtown,118.5,3,49.0,2.19,yes,230000.0
1171,North,129.5,5,32.0,7.13,yes,264500.0
1172,South,108.5,3,13.0,18.02,no,136300.0
1173,North,124.5,5,19.0,21.59,yes,216400.0
1174,South,84.6,3,21.0,15.89,yes,84600.0
1175,South,122.9,4,1.0,10.15,yes,201000.0
1176,South,133.4,3,,6.32,no,80800.0
1177,North,86.6,2,48.0,5.09,yes,36900.0
1178,North,111.8,3,53.0,19.12,no,30000.0
1179,North,88.2,1,21.0,12.79,no,130200.0
1180,North,91.6,2,33.0,3.07,no,148400.0
1181,South,70.6,2,27.0,24.63,no,30000.0
1182,Downtown,154.3,5,28.0,1.42,yes,432700.0
1183,Downtown,,5,35.0,1.78,no,323600.0
1184,Downtown,,3,27.0,1.18,no,323900.0
1185,Downtown,179.0,5,46.0,1.51,yes,427100.0
1186,Outskirts,103.4,3,3.0,6.59,no,136100.0
1187,North,216.1,4,11.0,6.26,yes,458300.0
1188,Outskirts,102.0,3,53.0,22.48,no,30000.0
1189,Downtown,118.9,4,52.0,2.74,no,186400.0
1190,South,96.1,1,49.0,13.48,no,30000.0
1191,North,123.0,4,22.0,4.89,yes,249700.0
1192,North,139.2,5,27.0,9.02,no,296100.0
1193,Outskirts,106.0,2,1.0,19.35,no,82000.0
1194,Outskirts,172.2,5,16.0,21.46,yes,212200.0
1195,Outskirts,118.4,2,43.0,10.0,no,63700.0
1196,Downtown,119.5,5,20.0,2.06,no,312700.0
1197,North,78.2,2,28.0,17.31,no,53300.0
1198,South,124.6,4,7.0,19.01,no,177400.0
1199,North,105.3,4,29.0,11.75,yes,198200.0
1200,South,88.7,3,43.0,15.41,yes,45700.0
1201,South,82.8,2,34.0,24.71,yes,30000.0
1202,South,203.5,5,33.0,7.63,yes,328100.0
1203,Outskirts,100.8,3,54.0,15.18,no,30000.0
1204,South,59.0,1,14.0,16.05,no,37000.0
1205,Downtown,85.6,1,17.0,1.39,yes,236600.0
1206,Downtown,108.2,3,37.0,2.26,no,212100.0
1207,South,129.1,3,28.0,15.92,yes,163700.0
1208,North,129.4,5,58.0,13.68,yes,100800.0
1209,North,,4,3.0,4.83,no,314700.0
1210,North,87.4,2,,18.17,no,148800.0
1211,South,121.9,3,20.0,5.04,yes,207400.0
1212,Outskirts,79.3,1,27.0,2.61,no,83500.0
1213,South,88.3,2,53.0,13.24,no,30000.0
1214,North,77.9,3,29.0,15.17,yes,85300.0
1215,North,68.4,4,26.0,24.98,no,52400.0
1216,South,147.2,5,10.0,18.38,no,220800.0
1217,North,134.1,4,26.0,21.52,yes,209200.0
1218,South,144.2,4,31.0,9.97,no,205000.0
1219,South,111.4,2,35.0,13.71,no,96600.0
1220,Downtown,137.2,6,36.0,0.92,no,332900.0
1221,Downtown,48.4,1,25.0,1.29,no,99000.0
1222,North,140.2,6,9.0,20.57,no,266200.0
1223,Outskirts,116.2,4,9.0,14.1,yes,166100.0
1224,South,131.9,2,9.0,7.15,yes,229500.0
1225,Downtown,123.3,3,37.0,2.82,yes,269300.0
1226,Outskirts,75.5,2,51.0,7.02,yes,30000.0
1227,North,57.6,2,52.0,2.07,yes,30000.0
1228,North,85.1,2,18.0,7.43,no,145700.0
1229,Outskirts,129.8,6,4.0,6.44,yes,216800.0
1230,Downtown,134.2,3,37.0,2.4,yes,307800.0
1231,North,62.1,2,2.0,22.44,no,47400.0
1232,South,75.7,3,37.0,10.92,yes,77600.0
1233,Downtown,84.7,2,22.0,1.92,no,189000.0
1234,South,97.5,3,50.0,14.78,no,63000.0
1235,North,62.3,1,37.0,2.18,yes,94100.0
1236,Downtown,60.2,2,44.0,0.64,yes,75200.0
1237,North,81.2,3,24.0,23.42,no,71100.0
1238,North,113.0,3,50.0,15.9,yes,95000.0
1239,Downtown,68.7,2,31.0,0.33,no,151300.0
1240,Downtown,105.9,4,37.0,1.2,no,211400.0
1241,Outskirts,147.0,5,21.0,18.48,no,150900.0
1242,North,64.4,2,26.0,19.76,yes,56200.0
1243,North,102.8,2,50.0,24.44,no,30000.0
1244,Downtown,145.9,4,23.0,2.02,yes,379000.0
1245,North,95.4,3,1.0,23.9,no,135700.0
1246,North,89.9,3,22.0,11.01,no,132400.0
1247,South,150.7,4,23.0,21.27,yes,193200.0
1248,North,99.3,2,25.0,14.53,yes,137800.0
1249,Outskirts,148.7,3,4.0,14.99,yes,169200.0
1250,Outskirts,125.0,2,7.0,10.27,no,155900.0
1251,Downtown,98.0,3,19.0,0.15,yes,298800.0
1252,Downtown,126.8,2,25.0,2.71,no,281700.0
1253,Downtown,121.2,3,1.0,2.65,no,331300.0
1254,South,145.7,4,23.0,14.88,no,192000.0
1255,Downtown,90.8,2,,0.6,no,232300.0
1256,Outskirts,111.4,3,2.0,12.85,yes,114100.0
1257,South,107.8,4,15.0,17.65,yes,157300.0
1258,Outskirts,134.6,3,16.0,13.16,no,155300.0
1259,South,74.1,2,8.0,17.16,yes,78100.0
1260,Outskirts,145.6,5,45.0,17.51,no,97600.0
1261,Downtown,126.3,3,4.0,0.48,no,370000.0
1262,North,,1,34.0,20.94,yes,30000.0
1263,North,152.3,5,39.0,14.44,no,226800.0
1264,Outskirts,188.2,6,48.0,6.45,yes,240100.0
1265,South,145.1,5,32.0,17.63,no,185700.0
1266,Outskirts,159.9,5,32.0,3.77,no,207800.0
1267,Downtown,113.0,2,45.0,2.94,no,178100.0
1268,Outskirts,51.8,3,51.0,20.22,no,30000.0
1269,North,45.5,2,12.0,12.01,yes,63200.0
1270,North,118.9,4,47.0,13.46,no,129600.0
1271,Outskirts,89.3,3,27.0,24.71,yes,48500.0
1272,North,78.0,2,5.0,7.41,no,140700.0
1273,North,107.8,3,36.0,2.45,yes,221800.0
1274,South,131.5,4,58.0,4.56,yes,116300.0
1275,Downtown,59.2,1,8.0,1.22,yes,175300.0
1276,North,94.3,3,0.0,18.7,yes,136600.0
1277,Downtown,162.8,3,54.0,1.73,yes,256500.0
1278,Downtown,72.4,2,35.0,2.17,yes,175100.0
1279,Outskirts,140.4,6,13.0,7.87,no,205600.0
1280,South,93.0,2,47.0,14.0,no,30000.0
1281,North,129.1,3,23.0,2.34,yes,296500.0
1282,North,148.4,4,19.0,17.68,no,240600.0
1283,North,135.9,4,17.0,16.13,yes,252400.0
1284,South,141.8,3,35.0,2.5,no,190000.0
1285,Outskirts,69.7,2,8.0,20.79,yes,36200.0
1286,Outskirts,149.0,5,21.0,19.56,no,135400.0
1287,North,80.2,2,18.0,9.09,yes,118000.0
1288,North,119.1,4,3.0,16.61,yes,248800.0
1289,North,119.0,4,45.0,15.83,no,96200.0
1290,South,127.0,4,0.0,5.29,no,228300.0
1291,North,121.8,4,57.0,6.44,no,109500.0
1292,South,80.5,5,5.0,17.71,yes,121400.0
1293,South,62.8,3,21.0,23.47,no,30000.0
1294,North,140.5,4,5.0,15.25,no,265600.0
1295,North,116.5,3,22.0,15.06,yes,192200.0
1296,North,150.2,4,36.0,16.87,yes,251900.0
1297,Downtown,108.4,4,5.0,1.62,yes,368400.0
1298,Downtown,60.8,3,31.0,1.64,yes,170600.0
1299,South,,5,46.0,11.12,yes,132100.0
1300,North,97.0,3,27.0,22.71,yes,111200.0
1301,North,122.0,2,6.0,20.51,no,184000.0
1302,South,87.3,3,41.0,23.33,no,30000.0
1303,South,167.6,4,11.0,5.52,no,257800.0
1304,North,79.3,1,1.0,13.64,no,80000.0
1305,Outskirts,98.2,3,26.0,15.45,yes,115500.0
1306,Outskirts,113.8,4,16.0,6.83,no,141900.0
1307,South,71.8,3,1.0,6.62,no,89300.0
1308,South,,4,46.0,19.99,no,60000.0
1309,Downtown,166.4,5,35.0,2.14,yes,427700.0
1310,Outskirts,92.8,2,54.0,16.89,no,30000.0
1311,North,123.8,3,28.0,8.14,no,211300.0
1312,Outskirts,35.0,1,26.0,13.66,no,30000.0
1313,South,108.6,2,50.0,2.53,no,61200.0
1314,Downtown,99.0,3,4.0,1.91,no,297900.0
1315,Downtown,81.4,2,21.0,0.88,no,214400.0
1316,South,,5,47.0,9.12,no,153500.0
1317,South,98.6,4,17.0,24.21,no,93300.0
1318,Downtown,103.8,2,53.0,2.83,no,118800.0
1319,South,96.8,3,17.0,3.92,yes,181100.0
1320,Outskirts,42.9,1,24.0,2.41,no,55300.0
1321,North,70.4,1,,18.68,yes,30000.0
1322,North,143.6,4,14.0,5.94,yes,325200.0
1323,Downtown,36.2,1,58.0,2.53,yes,30000.0
1324,South,83.2,2,2.0,11.75,no,95400.0
1325,North,96.0,4,15.0,8.07,yes,205900.0
1326,Outskirts,171.0,4,35.0,16.18,yes,177400.0
1327,North,136.9,4,35.0,13.17,yes,228200.0
1328,South,90.5,2,54.0,4.56,no,30000.0
1329,North,155.7,5,57.0,20.05,no,132400.0
1330,Downtown,84.1,3,40.0,2.89,no,136000.0
1331,South,145.3,4,39.0,16.05,yes,164800.0
1332,North,62.4,1,19.0,2.09,yes,142600.0
1333,South,147.6,4,48.0,16.41,no,117400.0
1334,Outskirts,95.8,3,38.0,8.51,yes,75500.0
1335,Outskirts,74.0,4,1.0,13.37,no,90800.0
1336,Outskirts,102.4,3,49.0,8.85,no,56900.0
1337,Downtown,119.7,3,21.0,2.35,no,291100.0
1338,South,92.7,3,28.0,7.31,yes,120000.0
1339,Outskirts,129.4,6,29.0,23.0,yes,136100.0
1340,North,89.6,3,49.0,23.11,no,30000.0
1341,Downtown,131.7,5,16.0,0.52,yes,439600.0
1342,Outskirts,125.5,3,23.0,8.99,no,148500.0
1343,North,107.9,3,2.0,10.76,no,201300.0
1344,South,94.6,3,20.0,24.75,yes,82600.0
1345,Outskirts,115.3,4,5.0,16.23,yes,158300.0
1346,South,129.3,3,34.0,14.53,no,126100.0
1347,North,182.2,5,53.0,2.83,yes,295800.0
1348,North,142.9,5,27.0,21.5,no,233300.0
1349,North,144.2,5,54.0,3.93,no,193500.0
1350,Downtown,218.1,7,58.0,0.33,no,416900.0
1351,South,128.1,5,3.0,8.32,yes,230600.0
1352,Outskirts,127.0,4,30.0,12.94,yes,144300.0
1353,North,134.6,4,31.0,22.59,no,172800.0
1354,North,74.7,3,23.0,20.17,no,68900.0
1355,Outskirts,94.5,3,49.0,6.55,no,30000.0
1356,Downtown,92.3,2,23.0,0.59,no,194300.0
1357,South,132.7,3,3.0,19.95,no,158200.0
1358,North,103.9,3,32.0,14.12,yes,150700.0
1359,South,114.8,3,12.0,6.01,yes,149900.0
1360,Downtown,148.1,4,21.0,1.97,no,375400.0
1361,South,140.2,5,30.0,16.4,yes,162500.0
1362,North,104.3,4,43.0,24.38,no,56800.0
1363,South,86.6,4,16.0,17.22,yes,144800.0
1364,Downtown,149.7,3,22.0,1.98,yes,398300.0
1365,North,137.1,4,4.0,18.22,yes,265300.0
1366,South,,2,23.0,7.77,no,59100.0
1367,North,99.0,2,34.0,21.83,no,71900.0
1368,Downtown,115.8,3,37.0,1.17,yes,268600.0
1369,Downtown,137.3,3,17.0,1.51,yes,401500.0
1370,North,141.9,4,3.0,12.76,yes,304800.0
1371,Downtown,119.9,5,34.0,1.08,yes,325400.0
1372,Outskirts,130.5,5,39.0,7.42,no,134000.0
1373,North,112.2,3,5.0,15.19,yes,207100.0
1374,Outskirts,86.4,3,30.0,19.65,yes,75900.0
1375,Outskirts,100.9,3,5.0,21.2,yes,104100.0
1376,Downtown,110.7,3,27.0,0.85,no,297200.0
1377,South,108.8,3,38.0,3.54,no,116300.0
1378,Outskirts,44.0,2,43.0,13.13,no,30000.0
1379,South,96.1,4,42.0,11.98,no,77000.0
1380,North,112.0,4,45.0,6.53,no,122100.0
1381,North,100.2,2,14.0,22.61,no,129200.0
1382,Downtown,101.4,4,50.0,0.06,no,172500.0
1383,South,127.1,4,20.0,3.19,no,216400.0
1384,Outskirts,72.2,2,22.0,20.3,yes,40500.0
1385,Outskirts,53.0,2,47.0,16.85,no,30000.0
1386,Downtown,,3,19.0,2.32,no,261800.0
1387,South,136.7,4,4.0,16.61,no,204100.0
1388,North,169.1,5,42.0,4.96,yes,298500.0
1389,Outskirts,137.4,2,39.0,3.6,yes,138600.0
1390,Downtown,58.6,2,34.0,2.4,no,89900.0
1391,Outskirts,101.9,2,8.0,16.64,yes,117500.0
1392,Outskirts,119.0,2,37.0,7.82,yes,106600.0
1393,Downtown,116.2,4,11.0,2.8,yes,364700.0
1394,Downtown,128.9,4,33.0,1.21,no,321900.0
1395,Outskirts,77.9,2,30.0,12.09,no,38300.0
1396,Downtown,112.3,3,46.0,1.82,no,173300.0
1397,South,124.7,4,58.0,21.98,no,30000.0
1398,Outskirts,138.9,5,11.0,9.92,no,182300.0
1399,South,81.8,2,6.0,18.01,yes,116700.0
1400,North,97.9,3,33.0,17.19,yes,133600.0
1401,North,35.0,2,57.0,19.74,yes,30000.0
1402,Downtown,88.2,1,9.0,0.05,no,269800.0
1403,Outskirts,91.6,3,29.0,3.2,yes,133400.0
1404,North,74.3,2,24.0,5.93,yes,133600.0
1405,Downtown,115.8,3,19.0,1.8,no,306100.0
1406,North,108.0,3,39.0,19.83,no,98000.0
1407,Outskirts,35.0,1,17.0,19.39,yes,30000.0
1408,Downtown,117.5,5,,1.71,no,289000.0
1409,Outskirts,77.5,2,50.0,3.95,no,30000.0
1410,South,127.0,4,22.0,2.4,no,213300.0
1411,Outskirts,65.1,3,1.0,19.99,no,37300.0
1412,Outskirts,111.1,3,53.0,14.64,yes,30000.0
1413,Outskirts,100.1,4,16.0,20.0,yes,119500.0
1414,Outskirts,120.6,3,46.0,5.74,yes,113200.0
1415,Downtown,114.4,5,45.0,2.88,no,187600.0
1416,South,101.1,3,31.0,23.14,no,68900.0
1417,South,56.2,2,5.0,5.95,no,76100.0
1418,South,58.3,2,57.0,3.42,no,30000.0
1419,Outskirts,89.6,2,,17.03,yes,30000.0
1420,Outskirts,109.7,3,25.0,15.67,yes,93200.0
1421,South,88.7,3,51.0,23.9,yes,30000.0
1422,North,131.9,4,47.0,22.85,yes,104300.0
1423,North,100.2,3,45.0,19.24,no,44300.0
1424,North,76.2,2,,2.44,no,161000.0
1425,North,100.3,4,37.0,13.05,yes,133500.0
1426,North,117.9,4,17.0,22.61,no,179900.0
1427,Downtown,121.4,3,4.0,2.5,yes,375500.0
1428,Downtown,175.7,4,20.0,2.46,no,431800.0
1429,South,86.6,3,6.0,17.01,yes,130000.0
1430,North,107.4,4,6.0,4.52,no,204200.0
1431,Outskirts,,4,43.0,13.71,yes,126300.0
1432,South,109.2,2,30.0,18.0,yes,79100.0
1433,Downtown,92.5,2,23.0,0.11,no,288500.0
1434,Downtown,55.8,1,11.0,0.59,yes,174200.0
1435,North,92.1,2,46.0,18.49,no,36900.0
1436,Outskirts,72.4,3,38.0,5.61,yes,78800.0
1437,North,49.6,1,35.0,10.01,no,30000.0
1438,South,82.2,1,11.0,17.87,yes,82000.0
1439,Outskirts,73.4,1,7.0,19.84,no,32400.0
1440,Outskirts,130.4,4,7.0,13.93,no,171700.0
1441,North,131.0,4,1.0,24.01,no,209100.0
1442,Downtown,78.4,3,58.0,0.55,yes,53900.0
1443,Downtown,100.9,4,22.0,0.02,no,315000.0
1444,Downtown,45.0,1,39.0,0.94,yes,47000.0
1445,Downtown,92.7,4,58.0,2.92,no,53200.0
1446,South,124.0,3,56.0,7.59,yes,87700.0
1447,Outskirts,138.9,5,19.0,21.38,no,141900.0
1448,South,85.0,1,29.0,15.5,no,45900.0
1449,South,,4,27.0,11.06,yes,240800.0
1450,North,57.0,2,2.0,14.8,yes,80800.0
1451,Outskirts,66.3,3,46.0,14.25,yes,30000.0
1452,South,134.8,3,34.0,23.27,no,119300.0
1453,Outskirts,168.5,5,22.0,6.93,yes,247200.0
1454,Outskirts,127.3,3,33.0,23.35,no,77500.0
1455,North,108.6,4,44.0,2.72,no,166200.0
1456,Downtown,35.0,2,0.0,2.38,no,99600.0
1457,North,39.2,2,38.0,23.15,yes,30000.0
1458,North,114.5,3,51.0,11.06,yes,127400.0
1459,Outskirts,97.5,4,43.0,3.68,yes,121700.0
1460,North,71.3,3,37.0,20.51,no,30000.0
1461,South,112.3,2,5.0,21.39,yes,125000.0
1462,South,114.0,4,44.0,9.73,yes,120900.0
1463,Downtown,143.1,5,45.0,0.73,yes,312600.0
1464,North,114.8,3,29.0,20.62,no,157000.0
1465,South,153.0,3,34.0,6.42,no,197600.0
1466,South,110.3,4,37.0,16.47,yes,137300.0
1467,North,106.0,2,7.0,11.9,yes,187700.0
1468,North,147.3,4,15.0,6.01,yes,328900.0
1469,South,75.8,2,47.0,21.12,yes,30000.0
1470,Downtown,208.5,7,58.0,2.08,no,395700.0
1471,Outskirts,123.1,3,16.0,23.49,no,119000.0
1472,Downtown,123.3,3,24.0,1.88,no,321600.0
1473,Downtown,128.4,4,54.0,2.83,no,169400.0
1474,North,175.7,6,9.0,11.74,no,353100.0
1475,South,137.7,6,15.0,11.22,yes,216400.0
1476,South,53.8,1,3.0,20.81,no,30000.0
1477,North,159.1,5,14.0,17.58,yes,324000.0
1478,Outskirts,98.1,2,38.0,19.79,yes,69300.0
1479,North,113.8,4,20.0,11.68,no,195700.0
1480,North,65.2,1,59.0,8.01,yes,30000.0
1481,North,128.4,3,53.0,4.0,no,102200.0
1482,Downtown,87.2,2,53.0,1.75,yes,133700.0
1483,South,113.5,3,43.0,11.55,yes,113600.0
1484,North,100.1,3,,13.71,no,82800.0
1485,South,177.4,5,30.0,12.79,no,253600.0
1486,Downtown,179.4,5,59.0,2.55,no,267800.0
1487,Outskirts,111.6,2,5.0,17.73,yes,113100.0
1488,North,112.2,4,43.0,16.0,yes,151500.0
1489,Outskirts,96.9,3,8.0,24.36,no,92300.0
1490,North,148.7,5,20.0,5.19,no,307800.0
1491,Downtown,98.5,2,15.0,1.91,no,232000.0
1492,Outskirts,95.3,1,36.0,3.45,no,75000.0
1493,South,144.3,4,47.0,20.58,no,105400.0
1494,South,91.2,4,4.0,16.18,no,150400.0
1495,North,108.7,3,36.0,11.85,yes,149100.0
1496,South,54.7,1,13.0,20.45,no,30000.0
1497,Outskirts,134.6,3,4.0,12.47,no,163200.0
1498,South,177.9,6,25.0,7.24,no,293400.0
1499,North,135.2,3,34.0,12.87,yes,193700.0
1500,South,161.2,4,12.0,3.63,no,287900.0
1501,South,,3,23.0,22.65,yes,90100.0
1502,Outskirts,118.3,2,57.0,18.81,no,30000.0
1503,North,77.0,3,20.0,19.49,no,68500.0
1504,North,102.0,3,59.0,22.11,no,30000.0
1505,Outskirts,137.0,5,50.0,20.21,yes,67700.0
1506,South,113.6,4,22.0,11.93,yes,166000.0
1507,South,60.6,2,34.0,4.73,no,51200.0
1508,North,64.0,1,42.0,10.59,no,30000.0
1509,North,61.7,2,27.0,23.48,no,36300.0
1510,South,127.2,3,24.0,23.83,yes,159200.0
1511,Downtown,182.2,6,19.0,0.49,no,501500.0
1512,Downtown,157.7,5,8.0,0.46,no,445600.0
1513,South,43.6,2,1.0,6.47,yes,57400.0
1514,South,159.7,5,20.0,22.23,yes,253600.0
1515,Outskirts,142.8,5,47.0,5.26,no,151800.0
1516,North,55.9,1,14.0,15.44,yes,83200.0
1517,Downtown,99.4,2,10.0,1.9,no,260600.0
1518,Outskirts,148.3,5,19.0,8.95,no,192400.0
1519,Downtown,129.3,3,35.0,2.06,no,260300.0
1520,Downtown,64.2,2,12.0,0.53,yes,218900.0
1521,North,131.4,3,13.0,19.89,no,207000.0
1522,South,35.2,1,6.0,13.18,no,30000.0
1523,Outskirts,102.2,3,19.0,12.14,no,131400.0
1524,South,149.8,5,13.0,22.88,no,202800.0
1525,South,110.6,2,49.0,15.3,no,62500.0
1526,Downtown,92.5,3,54.0,1.03,no,72200.0
1527,North,141.1,4,22.0,17.71,no,272700.0
1528,North,144.1,4,5.0,7.45,no,299600.0
1529,Downtown,155.9,6,5.0,2.72,yes,484300.0
1530,North,140.6,5,19.0,21.67,yes,268900.0
1531,North,147.8,5,27.0,15.97,no,243400.0
1532,Downtown,135.7,5,31.0,1.53,yes,379000.0
1533,South,119.3,3,18.0,8.86,no,183800.0
1534,South,113.1,2,21.0,24.77,no,91600.0
1535,Downtown,101.7,2,17.0,1.91,yes,268500.0
1536,North,67.6,2,31.0,16.63,yes,51600.0
1537,South,,1,41.0,3.66,no,48700.0
1538,South,100.1,3,2.0,24.29,yes,144000.0
1539,Outskirts,118.5,3,28.0,22.53,no,102900.0
1540,North,160.4,5,38.0,14.6,no,245300.0
1541,Outskirts,108.5,3,40.0,9.12,no,92100.0
1542,North,145.1,4,33.0,18.06,no,178000.0
1543,North,147.8,5,31.0,21.17,no,212200.0
1544,Downtown,101.9,3,40.0,0.17,yes,249100.0
1545,North,130.8,3,22.0,24.47,yes,215800.0
1546,North,101.5,3,34.0,16.65,yes,128100.0
1547,North,156.3,3,19.0,9.39,no,316400.0
1548,South,132.3,3,26.0,13.45,yes,192400.0
1549,North,68.3,1,7.0,20.78,yes,68100.0
1550,North,115.7,3,21.0,8.1,yes,226600.0
1551,Downtown,167.7,4,8.0,1.93,yes,492200.0
1552,North,103.7,3,13.0,18.67,yes,167400.0
1553,North,125.7,3,25.0,12.22,no,224600.0
1554,North,129.1,4,30.0,20.78,yes,178700.0
1555,North,73.7,2,56.0,5.3,no,30000.0
1556,South,127.9,4,1.0,9.72,yes,230700.0
1557,Outskirts,61.2,2,53.0,8.17,no,30000.0
1558,North,88.1,1,19.0,18.05,yes,103400.0
1559,South,147.7,4,43.0,19.46,no,132200.0
1560,Outskirts,,3,40.0,12.49,no,105500.0
1561,Outskirts,99.3,3,,12.99,yes,30000.0
1562,South,125.6,4,6.0,5.04,no,201700.0
1563,Outskirts,107.9,4,58.0,18.14,yes,36900.0
1564,Outskirts,110.4,4,3.0,24.82,no,115300.0
1565,South,133.0,3,52.0,19.89,no,79500.0
1566,North,84.5,3,39.0,7.13,yes,121000.0
1567,Downtown,111.4,4,28.0,1.97,yes,330100.0
1568,Downtown,99.1,2,23.0,1.37,yes,281600.0
1569,North,54.5,2,5.0,2.69,no,109200.0
1570,North,77.8,2,48.0,6.14,yes,56700.0
1571,North,164.9,4,43.0,4.36,no,266400.0
1572,South,123.5,4,56.0,6.51,yes,91100.0
1573,South,63.7,2,43.0,20.3,no,30000.0
1574,Outskirts,56.1,1,57.0,8.74,yes,30000.0
1575,Downtown,106.1,3,53.0,0.55,no,154800.0
1576,North,164.6,4,25.0,23.82,yes,276900.0
1577,South,103.5,3,42.0,15.21,yes,64300.0
1578,Outskirts,155.7,4,15.0,13.16,yes,182700.0
1579,Outskirts,,4,47.0,19.25,no,94900.0
1580,Outskirts,126.5,4,36.0,4.23,yes,162100.0
1581,Outskirts,63.2,1,26.0,11.85,no,30000.0
1582,North,,3,37.0,13.47,no,202400.0
1583,North,98.3,1,16.0,21.11,yes,162100.0
1584,North,140.2,4,,20.73,yes,204700.0
1585,South,81.5,1,28.0,21.51,yes,30000.0
1586,Outskirts,116.2,3,19.0,18.05,yes,166000.0
1587,North,122.3,4,58.0,14.2,no,30000.0
1588,South,104.6,3,3.0,21.04,no,119000.0
1589,North,124.2,3,45.0,22.09,yes,95000.0
1590,Downtown,100.7,3,,0.1,yes,322300.0
1591,Downtown,87.3,4,13.0,2.48,no,247100.0
1592,Downtown,166.2,6,9.0,1.52,yes,479700.0
1593,Outskirts,146.7,5,6.0,13.74,no,189500.0
1594,North,83.4,3,7.0,3.59,no,202200.0
1595,Outskirts,129.9,3,49.0,7.16,yes,93800.0
1596,South,84.0,3,55.0,19.86,no,30000.0
1597,Downtown,68.5,2,35.0,1.47,no,116300.0
1598,Downtown,146.2,5,0.0,0.45,no,441800.0
1599,Outskirts,50.4,1,51.0,15.91,no,30000.0
1600,North,142.4,4,36.0,22.2,no,160900.0
1601,Outskirts,101.2,3,31.0,21.48,no,71700.0
1602,Downtown,102.6,3,56.0,0.83,no,121000.0
1603,South,124.3,4,24.0,11.38,no,152200.0
1604,Outskirts,130.3,3,21.0,5.27,no,152800.0
1605,North,81.1,1,46.0,17.4,no,30000.0
1606,North,135.1,5,31.0,6.17,yes,260800.0
1607,Outskirts,114.0,5,43.0,14.91,no,82800.0
1608,North,66.0,2,41.0,24.56,yes,30000.0
1609,North,104.1,2,50.0,14.66,yes,57300.0
1610,North,158.3,4,19.0,16.85,yes,281800.0
1611,North,168.7,5,4.0,17.58,yes,354300.0
1612,South,135.1,5,28.0,21.1,no,156300.0
1613,South,68.3,1,38.0,12.0,yes,30000.0
1614,North,127.2,4,49.0,13.44,no,125600.0
1615,Outskirts,139.8,4,16.0,6.05,no,200600.0
1616,North,135.4,5,44.0,16.14,yes,181900.0
1617,Downtown,137.5,4,49.0,0.08,yes,303000.0
1618,South,122.7,2,48.0,13.68,no,102900.0
1619,Outskirts,107.5,4,48.0,19.63,no,56100.0
1620,Downtown,88.7,3,59.0,1.59,yes,80500.0
1621,North,43.6,1,39.0,14.97,yes,30000.0
1622,South,121.9,4,22.0,5.99,yes,189800.0
1623,Outskirts,,3,26.0,8.43,yes,158200.0
1624,Downtown,129.5,3,44.0,2.18,yes,261400.0
1625,North,63.2,3,14.0,5.9,no,109300.0
1626,South,132.6,4,36.0,24.69,yes,129900.0
1627,North,181.9,6,34.0,24.97,yes,291000.0
1628,Downtown,112.7,4,39.0,2.97,no,236700.0
1629,Downtown,107.8,2,25.0,1.08,no,271800.0
1630,North,120.8,3,44.0,19.87,yes,118800.0
1631,North,181.1,5,4.0,22.62,no,338000.0
1632,Outskirts,74.2,2,44.0,13.94,no,30000.0
1633,South,117.1,4,48.0,2.81,yes,108400.0
1634,South,82.0,2,53.0,18.32,yes,30000.0
1635,Outskirts,90.9,2,55.0,24.65,no,30000.0
1636,North,108.3,3,20.0,7.94,no,181300.0
1637,North,157.2,5,2.0,12.66,no,325800.0
1638,Outskirts,173.0,6,,10.31,yes,219900.0
1639,North,,4,5.0,10.98,no,246300.0
1640,South,96.8,3,16.0,18.59,yes,142300.0
1641,South,197.2,6,42.0,10.7,no,251500.0
1642,Downtown,95.0,3,35.0,0.03,no,231600.0
1643,North,90.0,2,36.0,20.16,yes,69900.0
1644,North,47.9,2,45.0,2.64,yes,39700.0
1645,Downtown,158.9,4,9.0,2.17,no,436900.0
1646,North,143.9,5,47.0,19.78,no,154700.0
1647,North,194.6,7,35.0,13.88,yes,351800.0
1648,South,61.4,2,25.0,13.43,no,30000.0
1649,Outskirts,161.0,5,27.0,21.22,yes,200900.0
1650,Outskirts,112.5,3,30.0,11.77,yes,87000.0
1651,North,138.2,3,33.0,5.67,yes,277800.0
1652,North,,1,20.0,9.2,no,53000.0
1653,North,161.4,5,,8.1,yes,352100.0
1654,Downtown,137.5,4,10.0,2.37,no,364500.0
1655,Outskirts,,3,20.0,6.11,yes,175800.0
1656,North,132.6,5,15.0,16.83,no,261800.0
1657,North,83.2,2,30.0,12.72,no,80300.0
1658,Outskirts,89.7,2,54.0,21.31,yes,30000.0
1659,North,93.8,4,6.0,13.15,yes,180000.0
1660,Downtown,45.2,2,18.0,1.18,yes,144000.0
1661,Downtown,140.2,4,2.0,0.58,yes,430200.0
1662,South,151.7,4,58.0,6.26,no,120600.0
1663,South,85.5,2,42.0,17.78,no,45700.0
1664,North,122.2,4,14.0,6.94,yes,270500.0
1665,Outskirts,100.7,3,24.0,20.94,no,61500.0
1666,Outskirts,121.5,5,43.0,16.62,no,66300.0
1667,Outskirts,88.0,3,57.0,8.76,yes,30000.0
1668,North,79.1,3,34.0,7.73,yes,102200.0
1669,Downtown,146.8,3,16.0,2.95,yes,401200.0
1670,Outskirts,107.8,3,41.0,20.42,no,30000.0
1671,North,180.8,6,41.0,20.31,yes,300400.0
1672,South,111.6,4,38.0,2.77,no,133900.0
1673,South,77.6,1,2.0,8.95,yes,112700.0
1674,Downtown,152.9,5,42.0,2.04,no,326200.0
1675,South,132.1,5,1.0,15.47,yes,242300.0
1676,Outskirts,135.4,2,54.0,5.44,no,85600.0
1677,South,151.7,6,52.0,9.71,yes,196300.0
1678,North,87.2,1,33.0,22.37,yes,66400.0
1679,Outskirts,105.5,4,38.0,12.96,yes,114700.0
1680,South,104.0,3,4.0,19.12,no,122500.0
1681,South,64.8,1,52.0,13.15,no,30000.0
1682,Outskirts,100.8,3,16.0,12.69,yes,139000.0
1683,South,156.8,5,15.0,16.3,no,244800.0
1684,North,118.3,4,42.0,7.97,no,164100.0
1685,Downtown,62.9,2,56.0,0.76,no,30000.0
1686,North,55.5,1,29.0,24.76,no,30000.0
1687,South,168.3,3,30.0,21.99,yes,225900.0
1688,South,106.8,4,32.0,18.97,no,118200.0
1689,South,87.3,4,17.0,5.15,no,132500.0
1690,North,100.4,4,35.0,2.7,no,167700.0
1691,South,58.3,1,57.0,6.03,yes,30000.0
1692,Outskirts,159.8,3,22.0,23.57,no,171800.0
1693,North,96.2,2,46.0,20.77,yes,30000.0
1694,South,157.9,3,46.0,14.03,no,159100.0
1695,South,111.8,3,51.0,24.28,yes,46200.0
1696,South,160.0,5,43.0,5.37,yes,217600.0
1697,Downtown,119.0,2,55.0,1.78,no,157900.0
1698,South,139.9,5,42.0,6.21,no,152800.0
1699,Outskirts,135.2,4,58.0,9.05,yes,106900.0
1700,South,131.8,3,42.0,23.62,no,96200.0
1701,Outskirts,122.2,3,50.0,21.97,no,30000.0
1702,Outskirts,101.9,1,53.0,4.34,no,60700.0
1703,North,177.0,5,59.0,7.74,no,221700.0
1704,South,,2,35.0,15.67,yes,43700.0
1705,North,110.2,3,42.0,3.41,yes,162400.0
1706,Outskirts,110.5,3,58.0,14.65,no,30000.0
1707,Downtown,124.1,4,22.0,1.65,yes,388400.0
1708,North,95.0,3,7.0,8.69,no,166200.0
1709,Outskirts,121.0,4,,8.74,no,49000.0
1710,North,104.1,4,37.0,7.27,no,153300.0
1711,South,54.6,1,25.0,23.52,yes,30000.0
1712,North,110.3,3,,10.94,no,95300.0
1713,Outskirts,71.5,2,1.0,15.46,no,75300.0
1714,Outskirts,49.3,1,28.0,8.94,yes,33700.0
1715,North,114.8,4,15.0,18.16,yes,201700.0
1716,South,127.1,3,17.0,4.33,yes,222100.0
1717,North,128.4,4,58.0,3.65,yes,135800.0
1718,South,,4,33.0,19.12,no,133600.0
1719,South,42.4,1,,18.71,no,30000.0
1720,Outskirts,62.4,2,21.0,8.1,yes,57700.0
1721,Downtown,179.1,5,14.0,2.69,no,477500.0
1722,North,73.3,1,54.0,24.02,yes,30000.0
1723,South,131.4,4,17.0,4.4,yes,252600.0
1724,South,86.0,3,21.0,6.21,yes,147700.0
1725,North,112.8,4,20.0,11.89,no,182800.0
1726,Downtown,87.8,2,10.0,2.64,no,204400.0
1727,North,129.7,5,46.0,16.93,no,133700.0
1728,Outskirts,114.8,3,34.0,17.88,no,116600.0
1729,Downtown,94.3,2,26.0,2.87,yes,210600.0
1730,North,73.2,1,23.0,16.06,no,54000.0
1731,Outskirts,119.4,2,40.0,11.97,yes,98400.0
1732,Downtown,67.6,3,5.0,0.19,yes,250000.0
1733,South,,5,55.0,2.97,no,108600.0
1734,North,201.9,6,33.0,9.2,yes,426500.0
1735,Outskirts,157.3,4,13.0,17.74,yes,205500.0
1736,South,135.1,5,32.0,9.58,yes,211800.0
1737,Outskirts,107.0,3,51.0,3.81,yes,89400.0
1738,North,42.1,1,10.0,9.94,no,48700.0
1739,South,63.7,3,31.0,18.36,yes,60400.0
1740,South,154.9,5,35.0,4.81,no,248900.0
1741,North,82.4,4,48.0,18.67,no,41600.0
1742,North,85.5,3,34.0,19.84,no,77000.0
1743,Downtown,104.2,3,44.0,0.41,yes,212500.0
1744,Outskirts,72.8,2,,7.62,no,30000.0
1745,South,67.1,1,53.0,20.52,yes,30000.0
1746,South,108.2,3,21.0,6.93,yes,199700.0
1747,South,78.8,3,42.0,22.83,no,30000.0
1748,South,,3,14.0,18.25,yes,111100.0
1749,North,82.7,2,50.0,3.26,no,38600.0
1750,North,128.3,3,57.0,20.38,yes,70600.0
1751,South,101.9,3,17.0,13.65,no,123000.0
1752,North,103.7,4,33.0,12.41,no,146300.0
1753,Outskirts,130.9,4,,11.67,no,66000.0
1754,Outskirts,105.0,3,1.0,15.95,yes,139100.0
1755,North,100.3,2,42.0,18.67,yes,76900.0
1756,South,126.5,4,49.0,22.61,no,69300.0
1757,Downtown,133.4,1,52.0,0.55,no,228000.0
1758,Outskirts,104.9,3,11.0,16.51,yes,116000.0
1759,Outskirts,112.8,5,45.0,17.79,yes,84400.0
1760,Outskirts,82.6,1,47.0,17.52,no,30000.0
1761,North,79.9,2,0.0,13.34,no,122000.0
1762,Downtown,136.9,4,42.0,0.64,no,332700.0
1763,North,125.6,3,37.0,19.53,no,137300.0
1764,Downtown,125.9,4,58.0,2.56,yes,162700.0
1765,Downtown,119.8,4,2.0,1.79,yes,396600.0
1766,Downtown,111.6,3,57.0,0.2,no,139400.0
1767,Outskirts,134.4,4,34.0,8.16,no,120600.0
1768,Downtown,142.7,4,16.0,0.27,yes,428500.0
1769,Downtown,141.9,7,23.0,1.22,no,394700.0
1770,Outskirts,106.5,3,45.0,17.99,yes,30000.0
1771,South,158.5,5,59.0,24.38,yes,92700.0
1772,South,118.0,2,19.0,12.46,no,145400.0
1773,South,132.1,3,59.0,5.38,yes,113400.0
1774,Outskirts,119.9,4,37.0,20.82,yes,107800.0
1775,South,118.6,2,11.0,8.01,no,181700.0
1776,South,84.2,1,35.0,24.9,yes,30000.0
1777,South,134.5,4,48.0,14.96,yes,134000.0
1778,North,209.6,7,3.0,7.35,no,501600.0
1779,North,96.9,3,4.0,13.41,yes,192000.0
1780,North,112.5,3,0.0,9.71,no,222400.0
1781,Downtown,94.4,1,34.0,1.47,yes,182200.0
1782,South,92.9,3,3.0,4.43,yes,190000.0
1783,North,164.1,5,55.0,21.71,no,175300.0
1784,Downtown,86.4,1,7.0,1.9,yes,247200.0
1785,North,93.4,4,4.0,21.81,no,130200.0
1786,Outskirts,54.4,2,15.0,22.58,no,30000.0
1787,North,83.5,3,45.0,7.28,no,53600.0
1788,South,50.2,2,54.0,13.98,yes,30000.0
1789,Outskirts,132.1,4,15.0,21.55,yes,162600.0
1790,Downtown,208.0,6,31.0,2.33,no,534500.0
1791,South,97.2,3,46.0,3.39,no,100900.0
1792,North,51.7,1,47.0,8.71,no,30000.0
1793,North,141.5,3,9.0,7.56,no,272800.0
1794,South,84.6,2,50.0,22.01,yes,30000.0
1795,Outskirts,155.5,4,52.0,12.67,yes,114400.0
1796,North,100.1,3,44.0,17.72,no,54500.0
1797,South,87.9,3,31.0,24.13,no,74600.0
1798,North,103.8,4,23.0,8.88,yes,233900.0
1799,South,136.5,5,53.0,19.51,no,95800.0
1800,South,102.0,2,51.0,2.52,no,73800.0
1801,South,92.6,3,31.0,4.39,yes,114900.0
1802,South,103.0,2,44.0,5.72,yes,102100.0
1803,Downtown,65.5,2,23.0,2.7,no,126600.0
1804,South,123.9,4,44.0,11.27,no,137300.0
1805,South,47.5,1,5.0,12.97,no,30000.0
1806,South,94.5,5,54.0,7.64,yes,66300.0
1807,Downtown,136.6,4,30.0,0.72,no,336300.0
1808,North,120.6,3,35.0,17.58,no,139200.0
1809,North,130.7,5,11.0,2.54,no,324000.0
1810,Downtown,107.7,3,31.0,1.33,yes,288800.0
1811,North,150.9,4,0.0,23.37,yes,280700.0
1812,North,142.4,4,53.0,18.34,no,124200.0
1813,South,125.6,5,44.0,15.71,yes,116500.0
1814,North,142.5,4,27.0,17.11,yes,249200.0
1815,Outskirts,136.3,4,50.0,17.0,no,93300.0
1816,South,94.6,4,48.0,23.43,yes,35600.0
1817,South,63.0,2,7.0,24.18,no,30000.0
1818,North,124.7,4,3.0,11.81,no,239200.0
1819,North,129.1,5,15.0,16.19,no,250500.0
1820,South,148.2,6,0.0,20.46,yes,222600.0
1821,Outskirts,77.2,2,34.0,2.02,no,62400.0
1822,North,78.3,2,31.0,14.12,no,71800.0
1823,South,126.1,4,32.0,17.02,no,129600.0
1824,South,107.5,4,4.0,18.5,yes,135700.0
1825,South,44.0,1,55.0,10.48,yes,30000.0
1826,Downtown,,3,58.0,1.32,no,126300.0
1827,South,45.2,1,35.0,6.19,yes,30000.0
1828,North,76.9,1,0.0,14.83,no,87100.0
1829,Outskirts,157.3,4,23.0,23.14,yes,170900.0
1830,North,173.9,5,43.0,22.61,yes,235500.0
1831,North,67.5,3,44.0,10.28,no,30000.0
1832,Outskirts,98.5,3,14.0,7.93,no,121600.0
1833,North,111.5,2,49.0,20.14,no,54600.0
1834,Downtown,172.3,4,58.0,0.42,no,288900.0
1835,North,92.7,4,30.0,13.62,no,152000.0
1836,Downtown,93.3,4,22.0,2.43,no,211100.0
1837,Downtown,164.2,5,31.0,2.88,yes,400500.0
1838,North,96.9,2,1.0,20.06,yes,179400.0
1839,South,135.3,5,31.0,16.2,yes,188200.0
1840,South,58.3,1,1.0,10.67,no,61900.0
1841,Downtown,,3,2.0,2.8,yes,311000.0
1842,South,51.9,3,33.0,17.17,no,30000.0
1843,Downtown,73.1,2,30.0,0.35,yes,199700.0
1844,Outskirts,139.4,3,59.0,12.91,no,38300.0
1845,Downtown,,3,30.0,2.3,no,254400.0
1846,South,98.8,2,58.0,23.56,no,30000.0
1847,North,83.8,1,48.0,24.08,no,30000.0
1848,South,102.3,3,20.0,24.1,yes,137700.0
1849,North,120.5,4,55.0,20.83,no,50600.0
1850,South,144.4,4,28.0,12.64,yes,187900.0
1851,North,35.0,1,35.0,6.84,no,30000.0
1852,Outskirts,80.9,2,6.0,10.82,yes,82900.0
1853,South,115.6,3,12.0,23.58,yes,150700.0
1854,South,106.5,3,31.0,10.36,yes,129900.0
1855,Outskirts,124.1,3,16.0,19.4,no,118200.0
1856,Outskirts,119.4,5,35.0,23.23,no,102400.0
1857,North,99.3,3,4.0,24.32,yes,158500.0
1858,North,91.6,3,15.0,23.8,yes,136400.0
1859,North,101.4,4,39.0,14.77,yes,111000.0
1860,North,150.2,5,36.0,13.31,no,234100.0
1861,South,84.4,2,59.0,24.72,no,30000.0
1862,Outskirts,107.8,3,53.0,7.02,yes,58600.0
1863,Outskirts,116.4,3,48.0,6.31,no,78200.0
1864,South,164.6,5,0.0,24.15,no,261600.0
1865,South,99.5,3,36.0,17.85,no,65500.0
1866,Outskirts,143.6,4,13.0,14.33,no,141800.0
1867,Outskirts,153.1,3,16.0,5.04,no,227400.0
1868,North,107.8,3,12.0,13.8,no,187800.0
1869,South,102.6,3,27.0,23.72,yes,97400.0
1870,Outskirts,98.5,1,7.0,15.87,yes,96500.0
1871,North,101.0,3,31.0,11.31,yes,140600.0
1872,North,139.9,5,9.0,14.68,yes,321600.0
1873,Outskirts,118.1,5,,22.38,yes,116000.0
1874,Outskirts,,3,37.0,23.0,no,45200.0
1875,Outskirts,70.6,2,10.0,11.2,no,71600.0
1876,South,76.1,1,6.0,15.99,yes,103600.0
1877,North,185.0,5,48.0,8.42,yes,305100.0
1878,North,103.8,3,44.0,12.37,no,71800.0
1879,South,82.9,2,15.0,7.06,no,96700.0
1880,South,160.1,4,53.0,14.22,yes,132500.0
1881,South,119.9,2,13.0,15.3,no,171700.0
1882,South,130.2,4,55.0,9.77,yes,99800.0
1883,North,105.2,2,6.0,8.26,yes,190300.0
1884,South,98.8,3,39.0,5.47,no,107300.0
1885,North,104.1,2,,5.21,no,213300.0
1886,North,61.6,1,11.0,18.36,yes,58200.0
1887,Downtown,106.9,3,24.0,2.25,no,243500.0
1888,Downtown,120.4,3,5.0,0.84,no,330600.0
1889,Outskirts,174.8,5,27.0,24.97,yes,213100.0
1890,North,113.0,4,13.0,7.98,no,230800.0
1891,North,35.0,2,5.0,22.61,yes,30000.0
1892,South,,4,57.0,16.01,no,30000.0
1893,South,205.9,7,58.0,18.45,yes,219500.0
1894,Downtown,140.3,4,57.0,0.42,yes,240200.0
1895,North,81.6,2,9.0,6.16,yes,169800.0
1896,Downtown,130.7,5,22.0,1.28,no,379600.0
1897,South,84.0,3,19.0,21.04,yes,110000.0
1898,North,62.6,2,19.0,10.04,no,58100.0
1899,Downtown,97.8,2,24.0,1.39,yes,255300.0
1900,Downtown,113.2,3,30.0,2.92,no,260800.0
1901,South,44.5,1,29.0,22.91,no,30000.0
1902,Downtown,69.8,3,17.0,2.62,yes,228100.0
1903,Outskirts,,3,58.0,2.94,no,38700.0
1904,Downtown,95.7,4,58.0,1.47,no,101700.0
1905,South,123.8,5,19.0,24.28,no,150100.0
1906,North,67.5,3,13.0,19.07,yes,109400.0
1907,North,135.0,5,31.0,4.76,no,274800.0
1908,Downtown,68.6,1,22.0,0.35,no,153500.0
1909,Outskirts,167.5,5,59.0,16.89,yes,118400.0
1910,Outskirts,49.9,1,25.0,9.79,no,31900.0
1911,Downtown,71.8,1,2.0,0.1,yes,243100.0
1912,Downtown,124.6,3,7.0,1.35,no,343900.0
1913,Outskirts,168.2,6,4.0,21.62,no,187600.0
1914,South,121.0,4,22.0,17.41,no,158600.0
1915,Downtown,129.7,5,18.0,0.9,yes,402900.0
1916,North,110.6,3,51.0,24.43,yes,31600.0
1917,South,74.1,4,53.0,15.13,yes,30000.0
1918,South,92.8,3,8.0,13.89,no,121400.0
1919,South,67.6,2,56.0,11.28,yes,30000.0
1920,Outskirts,65.2,1,35.0,5.14,yes,48100.0
1921,North,124.1,4,18.0,17.78,yes,197800.0
1922,North,70.7,2,24.0,11.91,no,95100.0
1923,North,121.2,3,26.0,23.5,yes,171200.0
1924,North,64.4,3,10.0,24.2,no,37400.0
1925,North,120.4,4,52.0,19.66,yes,49600.0
1926,Downtown,92.9,4,0.0,2.17,yes,310700.0
1927,North,159.2,4,4.0,18.47,yes,322700.0
1928,South,121.3,3,16.0,2.47,yes,227900.0
1929,Downtown,153.3,4,8.0,2.48,no,431500.0
1930,North,83.6,3,3.0,13.35,yes,170600.0
1931,South,,4,23.0,23.55,yes,134900.0
1932,South,75.7,2,22.0,10.69,yes,87400.0
1933,South,95.5,4,7.0,8.05,yes,162300.0
1934,Outskirts,100.8,4,48.0,24.89,yes,37900.0
1935,South,84.6,2,52.0,14.21,yes,30000.0
1936,Downtown,67.5,3,43.0,1.39,yes,114000.0
1937,North,60.5,3,31.0,22.95,no,30000.0
1938,South,35.0,3,56.0,13.92,no,30000.0
1939,North,73.0,3,21.0,12.48,no,100600.0
1940,Downtown,132.0,4,25.0,1.08,yes,408300.0
1941,North,54.1,1,0.0,21.5,no,48800.0
1942,North,62.1,2,42.0,24.19,no,30000.0
1943,North,172.7,6,5.0,9.55,no,366100.0
1944,Downtown,87.7,3,39.0,1.09,yes,224700.0
1945,Outskirts,121.2,4,46.0,8.56,no,91000.0
1946,Outskirts,132.5,4,13.0,16.05,no,150300.0
1947,North,133.2,4,36.0,20.51,no,131500.0
1948,Outskirts,56.7,1,18.0,22.39,no,30000.0
1949,Downtown,101.9,3,23.0,1.23,no,245800.0
1950,Outskirts,53.4,3,31.0,10.5,no,30000.0
1951,Outskirts,195.6,5,,7.83,yes,268200.0
1952,Downtown,54.2,2,47.0,0.27,yes,96600.0
1953,South,73.3,1,23.0,10.39,no,70300.0
1954,Outskirts,73.6,3,27.0,22.06,yes,78900.0
1955,Outskirts,57.6,3,48.0,11.63,yes,30000.0
1956,Outskirts,157.3,6,13.0,9.3,yes,257300.0
1957,South,194.8,6,27.0,19.0,yes,265800.0
1958,Downtown,93.3,3,59.0,1.91,yes,78800.0
1959,Outskirts,63.8,2,23.0,7.89,no,43200.0
1960,South,35.0,1,6.0,23.53,yes,30000.0
1961,South,101.5,3,17.0,3.88,no,156600.0
1962,North,98.9,3,57.0,11.54,yes,30000.0
1963,South,87.2,3,45.0,15.27,no,30000.0
1964,Downtown,117.7,4,48.0,1.43,no,197300.0
1965,South,123.8,3,15.0,8.46,no,185700.0
1966,Downtown,121.3,3,50.0,0.59,yes,245300.0
1967,South,98.9,4,23.0,9.94,yes,152300.0
1968,Outskirts,71.4,4,47.0,22.67,no,30000.0
1969,North,133.3,3,52.0,11.93,no,89700.0
1970,South,110.4,2,12.0,11.61,yes,154700.0
1971,North,141.1,3,56.0,10.89,no,121600.0
1972,Outskirts,137.7,4,37.0,24.17,no,108700.0
1973,South,60.2,2,43.0,4.7,yes,30000.0
1974,North,59.8,2,45.0,22.05,no,30000.0
1975,Downtown,83.6,3,10.0,2.03,yes,246800.0
1976,North,73.0,3,44.0,24.0,yes,30000.0
1977,North,136.4,3,12.0,9.25,no,270200.0
1978,Outskirts,122.3,3,16.0,3.91,no,167700.0
1979,South,148.5,4,6.0,13.96,no,215500.0
1980,North,123.9,2,10.0,7.24,no,229300.0
1981,Outskirts,117.3,2,58.0,19.32,no,30000.0
1982,North,152.0,3,19.0,17.12,yes,269000.0
1983,Outskirts,126.4,4,23.0,17.79,yes,158900.0
1984,North,112.4,3,28.0,6.45,yes,216200.0
1985,South,161.8,5,42.0,18.3,no,186400.0
1986,Outskirts,114.0,2,,9.16,no,106700.0
1987,North,99.3,2,32.0,24.97,no,60600.0
1988,South,80.7,3,50.0,18.83,yes,30000.0
1989,Outskirts,134.6,2,,15.58,yes,121300.0
1990,Downtown,153.3,5,46.0,1.58,no,306700.0
1991,Downtown,108.2,2,54.0,1.27,no,109200.0
1992,South,155.8,5,40.0,14.71,yes,209200.0
1993,North,41.0,1,2.0,7.46,no,64500.0
1994,Downtown,108.1,4,15.0,0.39,no,358100.0
1995,North,108.6,6,37.0,10.62,no,152100.0
1996,South,84.6,1,28.0,2.99,yes,144800.0
1997,North,193.4,6,17.0,20.77,no,391300.0
1998,North,107.7,2,20.0,3.19,yes,229900.0
1999,Outskirts,95.7,3,4.0,17.46,yes,117100.0
2000,South,110.9,3,14.0,5.6,no,193900.0
